x,P_PO,PSLs,Mean_Dur
10,0.2,0.8,2.625
12,0.0,1.0,
14,0.14285714285714285,0.8571428571428572,2.8333333333333335
16,0.0625,0.9375,1.85
18,0.1111111111111111,0.8888888888888888,3.7583333333333333
20,0.15,0.85,0.9611111111111111
22,0.045454545454545456,0.9545454545454546,0.08333333333333333
24,0.08333333333333333,0.9166666666666666,1.5583333333333333
26,0.15384615384615385,0.8461538461538461,3.325
28,0.10714285714285714,0.8928571428571429,0.9777777777777777
30,0.1,0.9,3.4958333333333336
32,0.125,0.875,3.11
34,0.14705882352941177,0.8529411764705882,1.8333333333333333
36,0.1111111111111111,0.8888888888888888,2.0933333333333333
38,0.10526315789473684,0.8947368421052632,1.09
40,0.125,0.875,1.4300000000000002
42,0.09523809523809523,0.9047619047619048,2.958333333333333
44,0.18181818181818182,0.8181818181818181,2.472916666666667
46,0.21739130434782608,0.782608695652174,2.326666666666667
48,0.10416666666666667,0.8958333333333334,2.466666666666667
50,0.08,0.92,1.1458333333333335
52,0.07692307692307693,0.9230769230769231,2.583333333333333
54,0.16666666666666666,0.8333333333333334,2.046296296296296
56,0.08928571428571429,0.9107142857142857,3.0933333333333333
58,0.06896551724137931,0.9310344827586207,0.8583333333333333
60,0.1,0.9,3.3023809523809526
62,0.12903225806451613,0.8709677419354839,3.385416666666667
64,0.25,0.75,2.7645833333333334
66,0.13636363636363635,0.8636363636363636,2.190909090909091
68,0.08823529411764706,0.9117647058823529,2.8166666666666664
70,0.14285714285714285,0.8571428571428572,2.7472222222222222
72,0.1111111111111111,0.8888888888888888,1.8370370370370372
74,0.12162162162162163,0.8783783783783784,1.8033333333333332
76,0.11842105263157894,0.881578947368421,2.5266666666666664
78,0.1282051282051282,0.8717948717948718,3.4016666666666664
80,0.1375,0.8625,2.265151515151515
82,0.12195121951219512,0.8780487804878049,2.0516666666666667
84,0.14285714285714285,0.8571428571428572,1.7023809523809526
86,0.13953488372093023,0.8604651162790697,2.3458333333333337
88,0.07954545454545454,0.9204545454545454,2.292857142857143
90,0.13333333333333333,0.8666666666666667,2.104761904761905
92,0.07608695652173914,0.9239130434782609,2.7452380952380957
94,0.10638297872340426,0.8936170212765957,2.3733333333333335
96,0.16666666666666666,0.8333333333333334,2.015686274509804
98,0.09183673469387756,0.9081632653061225,1.5407407407407407
100,0.13,0.87,1.9476190476190476
102,0.10784313725490197,0.892156862745098,1.5375000000000003
104,0.10576923076923077,0.8942307692307693,2.7583333333333333
106,0.11320754716981132,0.8867924528301887,1.9641025641025642
108,0.12037037037037036,0.8796296296296297,2.1464285714285714
110,0.09090909090909091,0.9090909090909091,2.0166666666666666
112,0.08035714285714286,0.9196428571428571,1.0703703703703704
114,0.12280701754385964,0.8771929824561404,2.545555555555556
116,0.1810344827586207,0.8189655172413793,2.170987654320988
118,0.07627118644067797,0.923728813559322,2.316666666666667
120,0.06666666666666667,0.9333333333333333,2.4208333333333334
122,0.14754098360655737,0.8524590163934427,2.3425925925925926
124,0.08870967741935484,0.9112903225806451,3.3121212121212125
126,0.07142857142857142,0.9285714285714286,1.6129629629629632
128,0.1484375,0.8515625,2.6491666666666664
130,0.1,0.9,1.6217948717948714
132,0.05303030303030303,0.946969696969697,2.838888888888889
134,0.11194029850746269,0.8880597014925373,1.74375
136,0.07352941176470588,0.9264705882352942,1.9803030303030302
138,0.10144927536231885,0.8985507246376812,3.0333333333333337
140,0.1,0.9,2.003333333333333
142,0.09859154929577464,0.9014084507042254,1.5655555555555556
144,0.1388888888888889,0.8611111111111112,2.625
146,0.1095890410958904,0.8904109589041096,3.070833333333333
148,0.08783783783783784,0.9121621621621622,1.9238095238095239
150,0.12,0.88,1.4208333333333336
152,0.10526315789473684,0.8947368421052632,3.1712962962962963
154,0.16233766233766234,0.8376623376623377,2.567261904761905
156,0.12179487179487179,0.8782051282051282,3.346491228070175
158,0.10759493670886076,0.8924050632911392,1.9958333333333336
160,0.0875,0.9125,2.617857142857143
162,0.1111111111111111,0.8888888888888888,2.2842105263157886
164,0.1524390243902439,0.8475609756097561,2.509876543209876
166,0.12650602409638553,0.8734939759036144,2.3246031746031743
168,0.05952380952380952,0.9404761904761905,2.869230769230769
170,0.10588235294117647,0.8941176470588236,3.658333333333333
172,0.11046511627906977,0.8895348837209303,2.3075
174,0.10919540229885058,0.8908045977011494,2.205263157894737
176,0.14772727272727273,0.8522727272727273,2.4117283950617288
178,0.10112359550561797,0.898876404494382,2.82719298245614
180,0.07777777777777778,0.9222222222222223,2.345238095238095
182,0.07692307692307693,0.9230769230769231,2.1955555555555555
184,0.14130434782608695,0.8586956521739131,2.730769230769231
186,0.13440860215053763,0.8655913978494624,2.218
188,0.13297872340425532,0.8670212765957447,1.7900000000000003
190,0.12631578947368421,0.8736842105263158,1.8944444444444446
192,0.11458333333333333,0.8854166666666666,2.566666666666667
194,0.0979381443298969,0.9020618556701031,2.506140350877193
196,0.11224489795918367,0.8877551020408163,2.0275362318840577
198,0.1414141414141414,0.8585858585858586,2.225287356321839
200,0.11,0.89,1.9719696969696967
202,0.12871287128712872,0.8712871287128713,2.081547619047619
204,0.11764705882352941,0.8823529411764706,1.9936781609195398
206,0.06310679611650485,0.9368932038834952,1.6977777777777778
208,0.11538461538461539,0.8846153846153846,2.118
210,0.13333333333333333,0.8666666666666667,2.2405555555555563
212,0.12264150943396226,0.8773584905660378,1.948717948717949
214,0.102803738317757,0.897196261682243,2.555797101449275
216,0.09259259259259259,0.9074074074074074,1.4095238095238096
218,0.12385321100917432,0.8761467889908257,1.310919540229885
220,0.08181818181818182,0.9181818181818182,2.0692982456140347
222,0.09009009009009009,0.9099099099099099,2.6641666666666666
224,0.07589285714285714,0.9241071428571429,2.273148148148148
226,0.084070796460177,0.915929203539823,2.5429824561403507
228,0.08771929824561403,0.9122807017543859,2.315909090909091
230,0.13043478260869565,0.8695652173913043,2.10752688172043
232,0.11637931034482758,0.8836206896551724,2.080357142857143
234,0.1111111111111111,0.8888888888888888,2.3673076923076923
236,0.1483050847457627,0.8516949152542372,2.723873873873874
238,0.1092436974789916,0.8907563025210083,1.7993827160493827
240,0.1,0.9,2.6740000000000004
242,0.10743801652892562,0.8925619834710744,1.9283950617283951
244,0.11475409836065574,0.8852459016393442,2.8977011494252873
246,0.10975609756097561,0.8902439024390244,2.5107142857142857
248,0.13709677419354838,0.8629032258064516,2.3793859649122813
250,0.1,0.9,2.170987654320988
252,0.1349206349206349,0.8650793650793651,2.6216216216216215
254,0.10236220472440945,0.8976377952755905,2.3567901234567903
256,0.0546875,0.9453125,2.3400000000000003
258,0.13178294573643412,0.8682170542635659,1.8935185185185186
260,0.10384615384615385,0.8961538461538462,1.3994252873563218
262,0.11450381679389313,0.8854961832061069,2.356862745098039
264,0.10606060606060606,0.8939393939393939,1.9877777777777774
266,0.13909774436090225,0.8609022556390977,2.6166666666666667
268,0.12313432835820895,0.8768656716417911,1.6066666666666665
270,0.07037037037037037,0.9296296296296296,2.7525
272,0.1213235294117647,0.8786764705882353,2.293939393939394
274,0.09124087591240876,0.9087591240875912,2.4586666666666672
276,0.11594202898550725,0.8840579710144928,2.1171875
278,0.11151079136690648,0.8884892086330936,2.5375
280,0.1,0.9,2.1766666666666667
282,0.0851063829787234,0.9148936170212766,2.5446666666666666
284,0.08450704225352113,0.9154929577464789,1.6173333333333333
286,0.08741258741258741,0.9125874125874126,2.0166666666666666
288,0.08333333333333333,0.9166666666666666,2.1654761904761903
290,0.1,0.9,2.0277777777777772
292,0.11643835616438356,0.8835616438356164,1.9090476190476189
294,0.1360544217687075,0.8639455782312925,2.1944444444444446
296,0.10472972972972973,0.8952702702702703,2.0968750000000003
298,0.09395973154362416,0.9060402684563759,1.7454545454545456
300,0.12333333333333334,0.8766666666666667,2.2722222222222226
302,0.12582781456953643,0.8741721854304636,2.211111111111111
304,0.13815789473684212,0.8618421052631579,1.8713178294573647
306,0.10784313725490197,0.892156862745098,2.0263888888888895
308,0.09415584415584416,0.9058441558441559,1.923333333333333
310,0.09032258064516129,0.9096774193548387,2.433333333333333
312,0.08012820512820513,0.9198717948717948,1.0950617283950617
314,0.09872611464968153,0.9012738853503185,1.9730392156862744
316,0.11075949367088607,0.8892405063291139,2.2423809523809526
318,0.14150943396226415,0.8584905660377359,2.2819444444444446
320,0.11875,0.88125,2.128205128205128
322,0.07763975155279502,0.922360248447205,2.521153846153846
324,0.10185185185185185,0.8981481481481481,2.6737373737373744
326,0.0950920245398773,0.9049079754601227,1.9078125
328,0.09451219512195122,0.9054878048780488,2.6274193548387097
330,0.09696969696969697,0.9030303030303031,1.9864583333333334
332,0.1144578313253012,0.8855421686746988,2.4329059829059836
334,0.11676646706586827,0.8832335329341318,2.57015503875969
336,0.08928571428571429,0.9107142857142857,2.842222222222222
338,0.07988165680473373,0.9201183431952663,1.9970238095238095
340,0.11470588235294117,0.8852941176470588,2.984583333333333
342,0.11403508771929824,0.8859649122807017,1.9044715447154474
344,0.0872093023255814,0.9127906976744186,1.9328282828282828
346,0.0838150289017341,0.9161849710982659,1.5817204301075267
348,0.12643678160919541,0.8735632183908046,2.25625
350,0.08,0.92,2.225862068965517
352,0.10795454545454546,0.8920454545454546,2.0939024390243905
354,0.13559322033898305,0.864406779661017,2.202614379084967
356,0.09269662921348315,0.9073033707865168,1.972857142857143
358,0.10893854748603352,0.8910614525139665,1.5029166666666665
360,0.08888888888888889,0.9111111111111111,2.8323232323232324
362,0.09392265193370165,0.9060773480662984,2.3876190476190478
364,0.10714285714285714,0.8928571428571429,1.8294871794871794
366,0.10382513661202186,0.8961748633879781,2.387719298245614
368,0.09510869565217392,0.904891304347826,2.0083333333333337
370,0.12162162162162163,0.8783783783783784,2.1652173913043478
372,0.12903225806451613,0.8709677419354839,2.244666666666667
374,0.10427807486631016,0.8957219251336899,2.8217948717948715
376,0.09840425531914894,0.901595744680851,2.2483739837398375
378,0.10052910052910052,0.8994708994708995,2.1546511627906977
380,0.10789473684210527,0.8921052631578947,1.7988372093023262
382,0.11780104712041885,0.8821989528795812,1.9574468085106387
384,0.09895833333333333,0.9010416666666666,2.000438596491228
386,0.08031088082901554,0.9196891191709845,1.5796875
388,0.1056701030927835,0.8943298969072165,2.494715447154471
390,0.10512820512820513,0.8948717948717949,2.3533333333333335
392,0.11224489795918367,0.8877551020408163,2.049275362318841
394,0.1065989847715736,0.8934010152284264,2.346511627906977
396,0.10606060606060606,0.8939393939393939,2.2666666666666666
398,0.10301507537688442,0.8969849246231156,2.3257246376811596
400,0.1225,0.8775,1.6339999999999997
402,0.1318407960199005,0.8681592039800995,2.3563636363636364
404,0.09653465346534654,0.9034653465346535,2.033739837398374
406,0.10591133004926108,0.8940886699507389,2.626356589147287
408,0.11029411764705882,0.8897058823529411,2.971631205673759
410,0.08780487804878048,0.9121951219512195,2.255263157894737
412,0.0970873786407767,0.9029126213592233,2.310227272727273
414,0.11594202898550725,0.8840579710144928,2.4166666666666665
416,0.0985576923076923,0.9014423076923077,2.4558139534883723
418,0.09330143540669857,0.9066985645933014,2.486111111111111
420,0.11666666666666667,0.8833333333333333,2.3687074829931976
422,0.10900473933649289,0.8909952606635071,2.277891156462585
424,0.09905660377358491,0.9009433962264151,2.6344444444444446
426,0.11032863849765258,0.8896713615023474,2.3418367346938775
428,0.12149532710280374,0.8785046728971962,2.0267295597484276
430,0.10930232558139535,0.8906976744186046,1.934375
432,0.11342592592592593,0.8865740740740741,2.4893333333333336
434,0.0967741935483871,0.9032258064516129,1.529710144927536
436,0.10091743119266056,0.8990825688073394,1.9205673758865252
438,0.1004566210045662,0.8995433789954338,2.271376811594203
440,0.12727272727272726,0.8727272727272728,2.15906432748538
442,0.083710407239819,0.916289592760181,2.0512500000000005
444,0.09234234234234234,0.9076576576576576,1.8916666666666668
446,0.13004484304932734,0.8699551569506727,2.4499999999999993
448,0.11383928571428571,0.8861607142857143,1.9558823529411762
450,0.08888888888888889,0.9111111111111111,2.1848837209302325
452,0.09955752212389381,0.9004424778761062,2.59468085106383
454,0.10352422907488987,0.8964757709251101,2.2465277777777777
456,0.09868421052631579,0.9013157894736842,2.5212765957446805
458,0.13100436681222707,0.868995633187773,2.6254098360655744
460,0.11521739130434783,0.8847826086956522,1.866666666666667
462,0.10173160173160173,0.8982683982683983,2.057638888888889
464,0.10129310344827586,0.8987068965517242,2.288775510204082
466,0.11158798283261803,0.8884120171673819,1.9812121212121214
468,0.09615384615384616,0.9038461538461539,1.7879432624113478
470,0.1148936170212766,0.8851063829787233,2.0787878787878786
472,0.1016949152542373,0.8983050847457628,2.6232026143790854
474,0.10970464135021098,0.890295358649789,2.705448717948718
476,0.11134453781512606,0.8886554621848739,2.37969696969697
478,0.09832635983263599,0.901673640167364,2.391836734693878
480,0.09791666666666667,0.9020833333333333,1.9884353741496599
482,0.11825726141078838,0.8817427385892116,2.16120218579235
484,0.09917355371900827,0.9008264462809917,1.9133986928104574
486,0.10699588477366255,0.8930041152263375,2.4592261904761905
488,0.08401639344262295,0.9159836065573771,2.188148148148148
490,0.08979591836734693,0.9102040816326531,2.028723404255319
492,0.1016260162601626,0.8983739837398375,2.1169871794871797
494,0.09716599190283401,0.902834008097166,2.6656666666666666
496,0.125,0.875,2.5497395833333334
498,0.07028112449799197,0.929718875502008,2.1671296296296294
500,0.09,0.91,2.5950354609929067
502,0.10756972111553785,0.8924302788844621,1.2893939393939395
504,0.10515873015873016,0.8948412698412699,2.151543209876544
506,0.09486166007905138,0.9051383399209486,2.287
508,0.0984251968503937,0.9015748031496063,2.23641975308642
510,0.09607843137254903,0.903921568627451,2.213945578231293
512,0.080078125,0.919921875,2.1365079365079365
514,0.08949416342412451,0.9105058365758755,1.9466666666666668
516,0.12209302325581395,0.877906976744186,1.8559523809523812
518,0.08687258687258688,0.9131274131274131,2.184751773049646
520,0.10384615384615385,0.8961538461538462,2.519252873563219
522,0.1206896551724138,0.8793103448275862,2.0464646464646465
524,0.11068702290076336,0.8893129770992366,1.7714689265536725
526,0.11596958174904944,0.8840304182509505,2.4575980392156866
528,0.0928030303030303,0.9071969696969697,2.0477564102564108
530,0.11886792452830189,0.8811320754716981,2.3464102564102567
532,0.10338345864661654,0.8966165413533834,2.405747126436782
534,0.12172284644194757,0.8782771535580525,1.9199004975124376
536,0.09701492537313433,0.9029850746268657,1.9554545454545453
538,0.10594795539033457,0.8940520446096655,2.5469444444444447
540,0.13518518518518519,0.8648148148148148,2.352380952380953
542,0.07195571955719557,0.9280442804428044,1.4884615384615383
544,0.13051470588235295,0.8694852941176471,2.317824074074074
546,0.1043956043956044,0.8956043956043956,2.7658045977011496
548,0.10948905109489052,0.8905109489051095,2.4580645161290327
550,0.1,0.9,2.7798245614035086
552,0.12318840579710146,0.8768115942028986,2.081735159817351
554,0.13537906137184116,0.8646209386281588,2.479555555555556
556,0.09892086330935251,0.9010791366906474,1.9658333333333333
558,0.1057347670250896,0.8942652329749103,1.9838983050847459
560,0.09285714285714286,0.9071428571428571,2.6407407407407413
562,0.11209964412811388,0.8879003558718861,1.9094527363184077
564,0.10460992907801418,0.8953900709219859,2.7111979166666664
566,0.10247349823321555,0.8975265017667844,1.8976562499999998
568,0.10211267605633803,0.897887323943662,2.433333333333333
570,0.11228070175438597,0.887719298245614,2.280046948356807
572,0.10664335664335664,0.8933566433566433,2.127363184079602
574,0.11149825783972125,0.8885017421602788,2.6287878787878793
576,0.12152777777777778,0.8784722222222222,1.933101851851852
578,0.12283737024221453,0.8771626297577855,1.9704954954954959
580,0.09827586206896552,0.9017241379310345,1.8777777777777778
582,0.09450171821305842,0.9054982817869416,2.0571428571428574
584,0.1267123287671233,0.8732876712328768,2.378270042194093
586,0.09726962457337884,0.9027303754266212,2.2247126436781612
588,0.11224489795918367,0.8877551020408163,2.272885572139304
590,0.1152542372881356,0.8847457627118644,1.9026570048309175
592,0.06587837837837837,0.9341216216216216,2.0436507936507935
594,0.09259259259259259,0.9074074074074074,1.9497435897435897
596,0.12416107382550336,0.8758389261744967,2.4978354978354975
598,0.09531772575250837,0.9046822742474916,2.339071038251366
600,0.08666666666666667,0.9133333333333333,2.3885802469135804
602,0.0946843853820598,0.9053156146179402,1.9772222222222227
604,0.10430463576158941,0.8956953642384106,2.355026455026455
606,0.1254125412541254,0.8745874587458746,1.900649350649351
608,0.09046052631578948,0.9095394736842105,2.147126436781609
610,0.09344262295081968,0.9065573770491804,2.3053672316384177
612,0.11274509803921569,0.8872549019607843,2.6046666666666667
614,0.13192182410423453,0.8680781758957654,1.8654901960784316
616,0.10227272727272728,0.8977272727272727,2.31974358974359
618,0.127831715210356,0.872168284789644,2.2928861788617887
620,0.10161290322580645,0.8983870967741936,2.054589371980676
622,0.1157556270096463,0.8842443729903537,1.955128205128205
624,0.08814102564102565,0.9118589743589743,2.236065573770492
626,0.11980830670926518,0.8801916932907348,1.8006329113924053
628,0.07643312101910828,0.9235668789808917,2.1676282051282056
630,0.1,0.9,2.101794871794872
632,0.11867088607594936,0.8813291139240507,2.2799196787148595
634,0.09779179810725552,0.9022082018927444,2.3810606060606063
636,0.09905660377358491,0.9009433962264151,2.4594871794871795
638,0.09090909090909091,0.9090909090909091,1.7863387978142082
640,0.1015625,0.8984375,1.9016666666666668
642,0.11059190031152648,0.8894080996884736,2.474780701754386
644,0.08385093167701864,0.9161490683229814,2.6370056497175143
646,0.11919504643962849,0.8808049535603715,2.2937254901960786
648,0.09567901234567901,0.904320987654321,2.337121212121212
650,0.11692307692307692,0.8830769230769231,2.348393574297189
652,0.11503067484662577,0.8849693251533742,2.0815789473684214
654,0.1162079510703364,0.8837920489296636,2.011392405063292
656,0.09451219512195122,0.9054878048780488,2.4330729166666667
658,0.0790273556231003,0.9209726443768997,2.262264150943396
660,0.11363636363636363,0.8863636363636364,2.170281124497992
662,0.1027190332326284,0.8972809667673716,2.5153153153153154
664,0.12349397590361445,0.8765060240963856,2.309659090909091
666,0.12462462462462462,0.8753753753753754,1.7418604651162792
668,0.1062874251497006,0.8937125748502994,2.7560810810810814
670,0.10298507462686567,0.8970149253731343,2.0138157894736843
672,0.10119047619047619,0.8988095238095238,2.332857142857143
674,0.11869436201780416,0.8813056379821959,2.320634920634921
676,0.10355029585798817,0.8964497041420119,2.722916666666667
678,0.11209439528023599,0.887905604719764,2.2466244725738393
680,0.13676470588235295,0.8632352941176471,2.329124579124579
682,0.08651026392961877,0.9134897360703812,2.1441025641025644
684,0.12134502923976608,0.8786549707602339,2.502197802197802
686,0.12099125364431487,0.8790087463556852,2.375093632958802
688,0.09738372093023256,0.9026162790697674,2.074647887323944
690,0.10289855072463767,0.8971014492753623,2.0477366255144034
692,0.10982658959537572,0.8901734104046243,1.88234126984127
694,0.1138328530259366,0.8861671469740634,2.22962962962963
696,0.10057471264367816,0.8994252873563219,2.025333333333333
698,0.08022922636103152,0.9197707736389684,2.1744791666666665
700,0.09571428571428571,0.9042857142857142,2.2795774647887326
702,0.09401709401709402,0.905982905982906,2.057843137254902
704,0.109375,0.890625,2.0565400843881863
706,0.08923512747875353,0.9107648725212465,2.786923076923077
708,0.1059322033898305,0.8940677966101696,1.9550200803212854
710,0.09295774647887324,0.9070422535211268,2.6777027027027027
712,0.09550561797752809,0.9044943820224719,2.2335616438356167
714,0.12324929971988796,0.876750700280112,2.4779026217228464
716,0.0893854748603352,0.9106145251396648,1.8901960784313725
718,0.09749303621169916,0.9025069637883009,2.0999999999999996
720,0.11388888888888889,0.8861111111111111,2.6314606741573034
722,0.09418282548476455,0.9058171745152355,2.3352380952380956
724,0.10359116022099447,0.8964088397790055,2.1209956709956708
726,0.1115702479338843,0.8884297520661157,2.0750936329588017
728,0.10576923076923077,0.8942307692307693,1.960493827160494
730,0.07808219178082192,0.9219178082191781,2.1950000000000003
732,0.09153005464480875,0.9084699453551912,2.17337962962963
734,0.10899182561307902,0.8910081743869209,2.312549019607843
736,0.10461956521739131,0.8953804347826086,2.1937229437229435
738,0.12059620596205962,0.8794037940379403,2.2849122807017546
740,0.07972972972972973,0.9202702702702703,1.907258064516129
742,0.09433962264150944,0.9056603773584906,2.085159817351598
744,0.09946236559139784,0.9005376344086021,2.156493506493507
746,0.09919571045576407,0.900804289544236,2.209649122807018
748,0.09759358288770054,0.9024064171122994,2.2551948051948054
750,0.092,0.908,1.9199074074074076
752,0.08776595744680851,0.9122340425531915,2.286904761904762
754,0.10477453580901856,0.8952254641909815,2.4047325102880657
756,0.11243386243386243,0.8875661375661376,2.0792134831460674
758,0.12137203166226913,0.8786279683377308,2.124468085106383
760,0.08289473684210526,0.9171052631578948,1.8992424242424244
762,0.10236220472440945,0.8976377952755905,2.1195833333333334
764,0.10602094240837696,0.893979057591623,1.8982142857142856
766,0.09921671018276762,0.9007832898172323,1.9796296296296299
768,0.11328125,0.88671875,1.9748188405797102
770,0.12077922077922078,0.8792207792207792,2.4593537414965985
772,0.11010362694300518,0.8898963730569949,2.147644927536232
774,0.11757105943152454,0.8824289405684754,2.3512544802867383
776,0.12757731958762886,0.8724226804123711,2.089047619047619
778,0.11311053984575835,0.8868894601542416,2.032616487455197
780,0.11282051282051282,0.8871794871794871,2.0570921985815604
782,0.10358056265984655,0.8964194373401535,2.125968992248062
784,0.12372448979591837,0.8762755102040817,2.7943333333333333
786,0.14376590330788805,0.8562340966921119,2.1634180790960453
788,0.10152284263959391,0.8984771573604061,2.2777777777777777
790,0.1240506329113924,0.8759493670886076,2.3632686084142396
792,0.10227272727272728,0.8977272727272727,1.96285140562249
794,0.09571788413098237,0.9042821158690176,2.8574074074074076
796,0.11306532663316583,0.8869346733668342,2.217021276595745
798,0.08270676691729323,0.9172932330827068,2.5988262910798126
800,0.09875,0.90125,2.3292156862745097
802,0.10972568578553615,0.8902743142144638,2.21304347826087
804,0.09577114427860696,0.904228855721393,2.1127572016460907
806,0.10049627791563276,0.8995037220843672,2.27
808,0.09282178217821782,0.9071782178217822,2.1982905982905985
810,0.11358024691358025,0.8864197530864197,2.1439236111111115
812,0.13177339901477833,0.8682266009852216,1.940519877675841
814,0.10319410319410319,0.8968058968058968,2.3767790262172284
816,0.10661764705882353,0.8933823529411765,2.1440740740740742
818,0.08924205378973105,0.910757946210269,2.3278508771929824
820,0.09268292682926829,0.9073170731707317,2.4751054852320675
822,0.10827250608272507,0.8917274939172749,2.1023550724637685
824,0.11529126213592233,0.8847087378640777,2.3935897435897435
826,0.09200968523002422,0.9079903147699758,2.30875
828,0.10144927536231885,0.8985507246376812,2.6901515151515154
830,0.11325301204819277,0.8867469879518073,1.9929042904290433
832,0.09375,0.90625,2.0024691358024693
834,0.09472422062350119,0.9052757793764988,1.7952674897119343
836,0.10885167464114832,0.8911483253588517,1.9446808510638296
838,0.09307875894988067,0.9069212410501193,2.357539682539682
840,0.1130952380952381,0.8869047619047619,2.5549319727891153
842,0.09619952494061758,0.9038004750593824,2.0703488372093024
844,0.11966824644549763,0.8803317535545023,2.070524691358025
846,0.09456264775413711,0.9054373522458629,2.553888888888889
848,0.11084905660377359,0.8891509433962264,2.2302287581699347
850,0.09294117647058824,0.9070588235294118,2.063218390804598
852,0.1068075117370892,0.8931924882629108,2.2637152777777776
854,0.08665105386416862,0.9133489461358314,2.466265060240964
856,0.10163551401869159,0.8983644859813085,2.483876811594203
858,0.12121212121212122,0.8787878787878788,2.077272727272727
860,0.11976744186046512,0.8802325581395349,2.1714492753623187
862,0.10788863109048724,0.8921113689095128,2.240625
864,0.09143518518518519,0.9085648148148148,1.8540697674418607
866,0.10854503464203233,0.8914549653579676,2.189869281045752
868,0.09331797235023041,0.9066820276497696,2.1247126436781607
870,0.1,0.9,2.1075091575091576
872,0.12041284403669725,0.8795871559633027,2.123241590214067
874,0.09153318077803203,0.9084668192219679,1.9133720930232558
876,0.10730593607305935,0.8926940639269406,2.1873333333333336
878,0.10250569476082004,0.89749430523918,1.9754578754578753
880,0.10568181818181818,0.8943181818181818,2.1443333333333334
882,0.10430839002267574,0.8956916099773242,2.3452631578947365
884,0.10294117647058823,0.8970588235294118,1.9965635738831617
886,0.12302483069977427,0.8769751693002257,2.486695906432749
888,0.11486486486486487,0.8851351351351351,2.527884615384615
890,0.1146067415730337,0.8853932584269663,1.9193396226415096
892,0.09192825112107623,0.9080717488789237,2.6587209302325583
894,0.11185682326621924,0.8881431767337807,2.514920634920635
896,0.11607142857142858,0.8839285714285714,2.142272727272727
898,0.10690423162583519,0.8930957683741648,2.4216666666666664
900,0.09666666666666666,0.9033333333333333,2.033154121863799
902,0.09534368070953436,0.9046563192904656,2.345471014492754
904,0.10287610619469026,0.8971238938053098,2.5128865979381443
906,0.10044150110375276,0.8995584988962473,2.2822916666666666
908,0.09030837004405286,0.9096916299559471,2.027519379844961
910,0.11318681318681319,0.8868131868131868,2.4183035714285714
912,0.11732456140350878,0.8826754385964912,2.475454545454546
914,0.11706783369803063,0.8829321663019694,2.366517857142857
916,0.11353711790393013,0.8864628820960698,2.310956790123457
918,0.11002178649237472,0.8899782135076253,2.4190031152647977
920,0.125,0.875,2.4924863387978142
922,0.10086767895878525,0.8991323210412148,2.115104166666667
924,0.12121212121212122,0.8787878787878788,2.246638655462185
926,0.09503239740820735,0.9049676025917927,1.976630434782609
928,0.09913793103448276,0.9008620689655172,2.310996563573883
930,0.1043010752688172,0.8956989247311828,2.0407766990291263
932,0.12017167381974249,0.8798283261802575,2.2161290322580647
934,0.08458244111349036,0.9154175588865097,2.409756097560975
936,0.09508547008547008,0.9049145299145299,2.3440350877192984
938,0.1162046908315565,0.8837953091684435,2.6542735042735037
940,0.10957446808510639,0.8904255319148936,2.032861635220126
942,0.08917197452229299,0.910828025477707,2.0805555555555557
944,0.0858050847457627,0.9141949152542372,2.2250957854406135
946,0.09619450317124736,0.9038054968287527,2.260701754385965
948,0.0981012658227848,0.9018987341772152,2.3578231292517007
950,0.11263157894736842,0.8873684210526316,2.4926900584795324
952,0.10294117647058823,0.8970588235294118,2.318269230769231
954,0.11844863731656184,0.8815513626834381,1.7885593220338984
956,0.1108786610878661,0.8891213389121339,2.066231884057971
958,0.09707724425887265,0.9029227557411273,1.9282679738562092
960,0.11875,0.88125,2.315395480225988
962,0.10083160083160084,0.8991683991683992,2.239
964,0.12033195020746888,0.8796680497925311,2.025068870523416
966,0.10559006211180125,0.8944099378881988,2.381531531531531
968,0.10847107438016529,0.8915289256198347,2.439855072463768
970,0.11030927835051546,0.8896907216494845,2.370757575757576
972,0.07510288065843622,0.9248971193415638,2.2256410256410257
974,0.10677618069815195,0.893223819301848,2.461861861861862
976,0.12192622950819672,0.8780737704918032,2.166939890710382
978,0.09815950920245399,0.901840490797546,2.014886731391586
980,0.10306122448979592,0.8969387755102041,2.7529320987654327
982,0.0855397148676171,0.9144602851323829,2.7050387596899226
984,0.11483739837398374,0.8851626016260162,2.4056022408963584
986,0.1105476673427992,0.8894523326572008,2.3010606060606063
988,0.11740890688259109,0.8825910931174089,2.3721763085399448
990,0.09090909090909091,0.9090909090909091,2.2471631205673757
992,0.12298387096774194,0.877016129032258,2.408203125
994,0.07746478873239436,0.9225352112676056,2.285470085470086
996,0.10843373493975904,0.891566265060241,2.18421052631579
998,0.09418837675350701,0.905811623246493,2.1055555555555556
1000,0.1,0.9,2.177142857142857
1002,0.10678642714570859,0.8932135728542914,2.0908045977011493
1004,0.10358565737051793,0.896414342629482,2.5536363636363646
1006,0.110337972166998,0.889662027833002,2.0205459770114946
1008,0.1130952380952381,0.8869047619047619,2.433608815426997
1010,0.11287128712871287,0.8871287128712871,1.9380376344086023
1012,0.10375494071146245,0.8962450592885376,2.3959876543209875
1014,0.10453648915187377,0.8954635108481263,2.3720238095238093
1016,0.10531496062992125,0.8946850393700787,2.503453453453454
1018,0.09724950884086445,0.9027504911591355,2.17378640776699
1020,0.12352941176470589,0.8764705882352941,2.3223057644110274
1022,0.11545988258317025,0.8845401174168297,2.410236220472441
1024,0.111328125,0.888671875,2.3662568306010923
1026,0.10428849902534112,0.8957115009746589,2.175675675675676
1028,0.0963035019455253,0.9036964980544747,2.1390522875816993
1030,0.10776699029126213,0.8922330097087379,2.3423497267759563
1032,0.0998062015503876,0.9001937984496124,2.0862385321100914
1034,0.08897485493230174,0.9110251450676983,2.2324829931972787
1036,0.09073359073359073,0.9092664092664092,1.9027491408934707
1038,0.10886319845857419,0.8911368015414258,2.39364406779661
1040,0.1,0.9,2.2108490566037737
1042,0.10940499040307101,0.8905950095969289,2.1820728291316533
1044,0.0871647509578544,0.9128352490421456,2.036111111111111
1046,0.1118546845124283,0.8881453154875717,2.2309917355371898
1048,0.10019083969465649,0.8998091603053435,2.781039755351682
1050,0.11142857142857143,0.8885714285714286,1.9195090439276485
1052,0.10646387832699619,0.8935361216730038,2.4343137254901968
1054,0.1318785578747628,0.8681214421252372,2.4051643192488266
1056,0.10227272727272728,0.8977272727272727,2.1291666666666664
1058,0.10775047258979206,0.8922495274102079,2.299586776859504
1060,0.08584905660377358,0.9141509433962264,2.4768041237113403
1062,0.11016949152542373,0.8898305084745762,2.162295081967213
1064,0.1099624060150376,0.8900375939849624,2.021815718157181
1066,0.09662288930581614,0.9033771106941839,2.3296296296296295
1068,0.09363295880149813,0.9063670411985019,2.362844036697248
1070,0.1130841121495327,0.8869158878504673,2.2174479166666665
1072,0.11287313432835822,0.8871268656716418,2.003875968992248
1074,0.09124767225325885,0.9087523277467412,1.914126984126984
1076,0.10408921933085502,0.895910780669145,2.054661016949152
1078,0.09925788497217068,0.9007421150278293,2.3989583333333333
1080,0.11018518518518519,0.8898148148148148,2.2910052910052907
1082,0.08410351201478743,0.9158964879852126,2.1351254480286737
1084,0.09870848708487084,0.9012915129151291,2.0116519174041296
1086,0.11878453038674033,0.8812154696132597,2.1219753086419755
1088,0.10661764705882353,0.8933823529411765,2.341046831955923
1090,0.10733944954128441,0.8926605504587156,2.4258196721311474
1092,0.09523809523809523,0.9047619047619048,2.007669616519174
1094,0.10329067641681901,0.896709323583181,2.3287262872628722
1096,0.11496350364963503,0.885036496350365,2.05050505050505
1098,0.10109289617486339,0.8989071038251366,2.5144808743169396
1100,0.12363636363636364,0.8763636363636363,2.3495169082125607
1102,0.09891107078039928,0.9010889292196007,2.124786324786325
1104,0.11231884057971014,0.8876811594202898,2.394230769230769
1106,0.11392405063291139,0.8860759493670887,2.236318407960199
1108,0.10018050541516245,0.8998194945848376,2.6339080459770123
1110,0.11621621621621622,0.8837837837837837,2.2390123456790123
1112,0.12140287769784172,0.8785971223021583,2.021412037037037
1114,0.10143626570915619,0.8985637342908438,2.029310344827586
1116,0.10215053763440861,0.8978494623655914,1.9393055555555556
1118,0.09302325581395349,0.9069767441860466,2.0325688073394494
1120,0.10446428571428572,0.8955357142857143,1.9325396825396826
1122,0.09090909090909091,0.9090909090909091,2.4399038461538463
1124,0.11743772241992882,0.8825622775800712,1.8928057553956836
1126,0.09680284191829484,0.9031971580817052,2.3218390804597706
1128,0.10904255319148937,0.8909574468085106,2.470707070707071
1130,0.11415929203539824,0.8858407079646018,2.192412935323383
1132,0.10159010600706714,0.8984098939929328,2.087083333333333
1134,0.10758377425044091,0.8924162257495591,2.1576115485564302
1136,0.09507042253521127,0.9049295774647887,2.335714285714285
1138,0.10808435852372583,0.8919156414762741,2.271428571428572
1140,0.10614035087719298,0.893859649122807,2.1458015267175576
1142,0.11558669001751314,0.8844133099824869,2.3706235011990406
1144,0.10227272727272728,0.8977272727272727,2.2241469816272965
1146,0.10732984293193717,0.8926701570680629,2.2129198966408268
1148,0.11585365853658537,0.8841463414634146,2.2652380952380953
1150,0.10173913043478261,0.8982608695652174,2.3592286501377404
1152,0.09288194444444445,0.9071180555555556,2.280275229357798
1154,0.09965337954939342,0.9003466204506065,2.035978835978836
1156,0.10726643598615918,0.8927335640138409,2.171890547263682
1158,0.09067357512953368,0.9093264248704663,2.278939393939394
1160,0.1103448275862069,0.8896551724137931,2.2152671755725195
1162,0.08777969018932874,0.9122203098106713,2.3732704402515723
1164,0.10395189003436427,0.8960481099656358,1.9726463104325698
1166,0.09777015437392796,0.902229845626072,2.347881355932203
1168,0.11558219178082192,0.884417808219178,2.309375
1170,0.11367521367521367,0.8863247863247863,2.134880952380952
1172,0.1015358361774744,0.8984641638225256,2.035185185185185
1174,0.12180579216354344,0.8781942078364565,2.002056277056277
1176,0.12074829931972789,0.8792517006802721,2.283443708609272
1178,0.10780984719864177,0.8921901528013583,2.169951338199513
1180,0.10677966101694915,0.8932203389830509,1.8990049751243783
1182,0.07698815566835872,0.9230118443316413,2.244561403508772
1184,0.11908783783783784,0.8809121621621622,2.0101973684210526
1186,0.10118043844856661,0.8988195615514334,1.9829487179487182
1188,0.08501683501683502,0.914983164983165,2.2107371794871797
1190,0.10588235294117647,0.8941176470588236,1.9095238095238092
1192,0.10151006711409397,0.8984899328859061,2.2720472440944883
1194,0.10301507537688442,0.8969849246231156,2.1716
1196,0.10953177257525083,0.8904682274247492,2.3111510791366907
1198,0.10434056761268781,0.8956594323873122,2.027777777777778
1200,0.13166666666666665,0.8683333333333334,2.094146825396826
1202,0.09900166389351081,0.9009983361064892,2.2736772486772474
1204,0.0946843853820598,0.9053156146179402,2.311772486772487
1206,0.11028192371475953,0.8897180762852405,2.164009661835749
1208,0.09271523178807947,0.9072847682119205,2.0327635327635325
1210,0.10413223140495868,0.8958677685950414,2.5731829573934837
1212,0.11798679867986799,0.8820132013201321,2.2208333333333328
1214,0.09308072487644152,0.9069192751235585,2.1769444444444446
1216,0.11266447368421052,0.8873355263157895,2.1109154929577465
1218,0.10098522167487685,0.8990147783251231,2.180133333333333
1220,0.0959016393442623,0.9040983606557377,2.2928184281842827
1222,0.09165302782324058,0.9083469721767594,1.991046831955923
1224,0.10620915032679738,0.8937908496732027,2.2669047619047618
1226,0.11908646003262642,0.8809135399673735,2.19493670886076
1228,0.10097719869706841,0.8990228013029316,1.9930025445292623
1230,0.11300813008130081,0.8869918699186992,2.1831111111111103
1232,0.10470779220779221,0.8952922077922078,2.2177860696517415
1234,0.10696920583468396,0.893030794165316,2.221167883211679
1236,0.10598705501618123,0.8940129449838188,2.231203007518797
1238,0.10581583198707593,0.8941841680129241,2.120289855072464
1240,0.10080645161290322,0.8991935483870968,1.8556818181818184
1242,0.10064412238325282,0.8993558776167472,2.3522900763358776
1244,0.0932475884244373,0.9067524115755627,2.0558404558404555
1246,0.10353130016051364,0.8964686998394864,1.6536496350364964
1248,0.09054487179487179,0.9094551282051282,2.0054621848739496
1250,0.1184,0.8815999999999999,2.0106753812636167
1252,0.10063897763578275,0.8993610223642172,2.368880208333333
1254,0.11244019138755981,0.8875598086124402,2.117763157894737
1256,0.10748407643312102,0.8925159235668789,2.310344827586207
1258,0.09141494435612083,0.9085850556438791,2.0283333333333333
1260,0.0992063492063492,0.9007936507936508,2.509950248756219
1262,0.10855784469096671,0.8914421553090333,2.03275462962963
1264,0.09572784810126582,0.9042721518987342,2.1466397849462373
1266,0.10742496050552923,0.8925750394944708,2.6064625850340137
1268,0.1056782334384858,0.8943217665615142,2.051388888888889
1270,0.115748031496063,0.884251968503937,2.16965811965812
1272,0.11477987421383648,0.8852201257861635,2.2322916666666663
1274,0.10204081632653061,0.8979591836734694,2.4958024691358025
1276,0.08072100313479624,0.9192789968652038,2.0737878787878787
1278,0.11189358372456965,0.8881064162754304,2.1465367965367967
1280,0.10078125,0.89921875,2.2458628841607564
1282,0.1029641185647426,0.8970358814352574,2.2883578431372547
1284,0.10358255451713395,0.8964174454828661,2.525874125874126
1286,0.104199066874028,0.895800933125972,2.260680751173709
1288,0.09472049689440994,0.90527950310559,2.175710594315245
1290,0.09689922480620156,0.9031007751937985,2.125679012345679
1292,0.09752321981424149,0.9024767801857585,2.3768939393939394
1294,0.10123647604327667,0.8987635239567233,2.2696517412935324
1296,0.09953703703703703,0.900462962962963,2.177615571776156
1298,0.09322033898305085,0.9067796610169492,2.544661458333333
1300,0.10461538461538461,0.8953846153846154,2.2461805555555556
1302,0.10599078341013825,0.8940092165898618,2.0740867579908677
1304,0.11273006134969325,0.8872699386503068,2.2578888888888895
1306,0.11332312404287902,0.886676875957121,1.9341719077568131
1308,0.1154434250764526,0.8845565749235474,2.2967091295116773
1310,0.1099236641221374,0.8900763358778626,2.0900447427293063
1312,0.09832317073170732,0.9016768292682926,2.0759950248756214
1314,0.1156773211567732,0.8843226788432268,1.8079710144927539
1316,0.09878419452887538,0.9012158054711246,2.700359712230216
1318,0.09939301972685888,0.9006069802731411,2.2260869565217396
1320,0.09696969696969697,0.9030303030303031,2.1855392156862745
1322,0.10741301059001512,0.8925869894099849,2.441324200913242
1324,0.10800604229607251,0.8919939577039275,2.449888888888889
1326,0.10030165912518854,0.8996983408748115,2.3171497584541063
1328,0.11069277108433735,0.8893072289156626,2.332704402515723
1330,0.09172932330827067,0.9082706766917293,2.1032552083333336
1332,0.09684684684684684,0.9031531531531531,2.1523631840796016
1334,0.0967016491754123,0.9032983508245878,2.1368105515587534
1336,0.09805389221556886,0.9019461077844312,2.4676328502415457
1338,0.09342301943198804,0.906576980568012,2.3645363408521303
1340,0.11044776119402985,0.8895522388059701,2.1942028985507247
1342,0.10432190760059612,0.8956780923994039,2.144871794871795
1344,0.10863095238095238,0.8913690476190477,2.162171052631579
1346,0.10475482912332838,0.8952451708766717,2.371494252873563
1348,0.09198813056379822,0.9080118694362018,2.034090909090909
1350,0.11407407407407408,0.8859259259259259,2.2644927536231885
1352,0.11094674556213018,0.8890532544378699,2.4645569620253167
1354,0.1019202363367799,0.8980797636632201,2.302314814814815
1356,0.10250737463126844,0.8974926253687315,2.1910958904109585
1358,0.10088365243004419,0.8991163475699558,2.328690476190476
1360,0.10882352941176471,0.8911764705882352,2.1149237472766886
1362,0.10646108663729809,0.8935389133627019,2.2953947368421055
1364,0.1158357771260997,0.8841642228739003,1.969308943089431
1366,0.09956076134699854,0.9004392386530015,2.16768018018018
1368,0.10526315789473684,0.8947368421052632,2.0777412280701757
1370,0.10145985401459855,0.8985401459854014,2.0875816993464054
1372,0.119533527696793,0.880466472303207,2.3083333333333336
1374,0.09606986899563319,0.9039301310043668,1.8893939393939394
1376,0.1184593023255814,0.8815406976744186,2.4062146892655365
1378,0.10957910014513789,0.8904208998548622,2.0265591397849465
1380,0.1144927536231884,0.8855072463768116,1.8819191919191924
1382,0.11215629522431259,0.8878437047756874,2.125766871165644
1384,0.10404624277456648,0.8959537572254335,2.394742729306488
1386,0.10101010101010101,0.898989898989899,2.327814569536424
1388,0.11023054755043228,0.8897694524495677,1.992857142857143
1390,0.09928057553956834,0.9007194244604316,2.234037558685446
1392,0.10847701149425287,0.8915229885057472,2.1584401709401706
1394,0.12338593974175036,0.8766140602582496,1.9697860962566847
1396,0.1017191977077364,0.8982808022922636,2.255921052631579
1398,0.09370529327610873,0.9062947067238912,2.375177304964539
1400,0.08571428571428572,0.9142857142857143,2.209055118110236
1402,0.10413694721825963,0.8958630527817404,2.110850111856823
1404,0.10327635327635327,0.8967236467236467,2.4483443708609274
1406,0.09246088193456614,0.9075391180654339,2.110171568627451
1408,0.09375,0.90625,2.189416058394161
1410,0.10425531914893617,0.8957446808510638,1.9792735042735041
1412,0.10977337110481586,0.8902266288951841,2.1964071856287424
1414,0.10254596888260255,0.8974540311173974,2.4501103752759383
1416,0.08757062146892655,0.9124293785310734,2.1108923884514432
1418,0.1078984485190409,0.8921015514809592,2.0536585365853655
1420,0.11056338028169015,0.8894366197183099,2.315369261477046
1422,0.10970464135021098,0.890295358649789,2.1480923694779115
1424,0.09480337078651685,0.9051966292134832,2.1433806146572105
1426,0.09887798036465638,0.9011220196353437,2.1839080459770117
1428,0.11064425770308123,0.8893557422969187,2.2442073170731707
1430,0.0937062937062937,0.9062937062937063,2.1480815347721824
1432,0.10754189944134078,0.8924581005586593,2.0973053892215567
1434,0.11297071129707113,0.8870292887029289,2.2583333333333333
1436,0.10724233983286909,0.8927576601671309,2.4396875000000002
1438,0.09944367176634214,0.9005563282336578,2.3768211920529803
1440,0.1,0.9,2.655222222222222
1442,0.09431345353675451,0.9056865464632455,2.3281690140845073
1444,0.10526315789473684,0.8947368421052632,2.368958333333333
1446,0.09405255878284924,0.9059474412171508,1.9981220657276997
1448,0.10842541436464088,0.8915745856353591,2.065575396825397
1450,0.12275862068965518,0.8772413793103448,2.514636209813875
1452,0.11225895316804407,0.887741046831956,2.1167608286252353
1454,0.10660247592847318,0.8933975240715268,2.1729292929292927
1456,0.09478021978021978,0.9052197802197802,2.680671296296296
1458,0.09396433470507544,0.9060356652949245,2.3236406619385344
1460,0.0958904109589041,0.904109589041096,2.248310810810811
1462,0.09644322845417237,0.9035567715458276,1.8781111111111113
1464,0.10587431693989072,0.8941256830601093,2.3207831325301207
1466,0.10231923601637108,0.897680763983629,2.1517094017094016
1468,0.11580381471389646,0.8841961852861036,1.9636111111111114
1470,0.11632653061224489,0.8836734693877552,2.316203703703704
1472,0.09375,0.90625,2.3044600938967137
1474,0.10244233378561737,0.8975576662143826,1.9821946169772255
1476,0.11991869918699187,0.8800813008130082,2.2770944741532975
1478,0.09269282814614344,0.9073071718538566,2.368850574712644
1480,0.10675675675675676,0.8932432432432432,2.199509803921569
1482,0.09784075573549257,0.9021592442645074,2.476
1484,0.09097035040431267,0.9090296495956873,2.279337899543379
1486,0.09892328398384927,0.9010767160161507,2.2914529914529917
1488,0.09543010752688172,0.9045698924731183,2.1658940397350994
1490,0.11275167785234899,0.887248322147651,2.094475655430712
1492,0.10857908847184987,0.8914209115281502,2.1254960317460316
1494,0.11512717536813923,0.8848728246318608,2.335439560439561
1496,0.12165775401069519,0.8783422459893048,2.278231292517007
1498,0.09279038718291055,0.9072096128170895,2.3475225225225227
1500,0.11533333333333333,0.8846666666666667,2.1494350282485875
1502,0.11584553928095873,0.8841544607190412,2.11331569664903
1504,0.1163563829787234,0.8836436170212766,1.901275045537341
1506,0.1148738379814077,0.8851261620185923,2.1932604735883423
1508,0.10278514588859416,0.8972148541114058,2.142857142857143
1510,0.0913907284768212,0.9086092715231788,2.2452546296296294
1512,0.10582010582010581,0.8941798941798942,2.0303639846743295
1514,0.09247027741083223,0.9075297225891678,2.3447427293064877
1516,0.10356200527704486,0.8964379947229552,2.0943064182194617
1518,0.11264822134387352,0.8873517786561265,2.2576427255985267
1520,0.09539473684210527,0.9046052631578947,1.972888888888889
1522,0.09855453350854139,0.9014454664914586,2.208385093167702
1524,0.11089238845144357,0.8891076115485564,2.265134099616858
1526,0.0982961992136304,0.9017038007863696,2.2190170940170937
1528,0.11452879581151833,0.8854712041884817,2.0760249554367203
1530,0.10392156862745099,0.8960784313725491,2.1943775100401606
1532,0.10639686684073107,0.8936031331592689,2.40414201183432
1534,0.11082138200782268,0.8891786179921773,2.441809523809524
1536,0.10286458333333333,0.8971354166666666,2.3548169556840075
1538,0.11183355006501951,0.8881664499349805,2.157962962962963
1540,0.10194805194805195,0.898051948051948,2.3426587301587305
1542,0.10376134889753567,0.8962386511024644,2.5828343313373257
1544,0.08937823834196891,0.9106217616580311,2.4748322147651005
1546,0.10866752910737387,0.8913324708926261,2.138793103448276
1548,0.10400516795865633,0.8959948320413437,2.067829457364341
1550,0.10709677419354839,0.8929032258064517,1.842528735632184
1552,0.10438144329896908,0.895618556701031,2.2276785714285716
1554,0.09716859716859717,0.9028314028314028,2.1694791666666666
1556,0.10218508997429306,0.8978149100257069,2.050392156862745
1558,0.11360718870346598,0.886392811296534,2.1694899817850635
1560,0.11025641025641025,0.8897435897435897,2.4694444444444446
1562,0.11395646606914213,0.8860435339308579,2.295289855072464
1564,0.10997442455242967,0.8900255754475703,2.3686440677966103
1566,0.09770114942528736,0.9022988505747126,2.0668711656441716
1568,0.10140306122448979,0.8985969387755102,2.3942829457364345
1570,0.11337579617834395,0.8866242038216561,2.1346491228070175
1572,0.09223918575063614,0.9077608142493638,2.438216560509554
1574,0.10292249047013977,0.8970775095298602,2.1767992424242424
1576,0.09898477157360407,0.9010152284263959,2.1766666666666667
1578,0.10392902408111533,0.8960709759188846,2.022088353413655
1580,0.10189873417721519,0.8981012658227848,2.1965160075329564
1582,0.1011378002528445,0.8988621997471555,2.432647058823529
1584,0.09659090909090909,0.9034090909090909,2.316666666666667
1586,0.09583858764186633,0.9041614123581336,2.2602642276422764
1588,0.10579345088161209,0.8942065491183879,1.9527306967984934
1590,0.11132075471698114,0.8886792452830189,2.374570446735395
1592,0.10427135678391959,0.8957286432160804,2.351318267419962
1594,0.11166875784190715,0.8883312421580929,2.2561497326203206
1596,0.11278195488721804,0.887218045112782,2.2778947368421054
1598,0.11264080100125157,0.8873591989987484,2.138235294117647
1600,0.094375,0.905625,2.2474842767295597
1602,0.10049937578027465,0.8995006242197253,2.1351405622489965
1604,0.09663341645885287,0.9033665835411471,2.003885480572597
1606,0.1095890410958904,0.8904109589041096,2.4979390681003584
1608,0.10199004975124377,0.8980099502487562,2.077843137254902
1610,0.10062111801242236,0.8993788819875776,2.382947976878613
1612,0.09429280397022333,0.9057071960297767,2.131236897274633
1614,0.09541511771995044,0.9045848822800495,2.096169772256729
1616,0.09962871287128713,0.9003712871287128,2.065428571428572
1618,0.1069221260815822,0.8930778739184178,2.0153079710144928
1620,0.10987654320987654,0.8901234567901235,2.2212914485165793
1622,0.11282367447595561,0.8871763255240444,2.3566137566137564
1624,0.10406403940886699,0.895935960591133,2.4185077519379847
1626,0.0990159901599016,0.9009840098400984,2.3631163708086786
1628,0.10565110565110565,0.8943488943488943,2.203072625698324
1630,0.09079754601226994,0.90920245398773,2.028387096774194
1632,0.11029411764705882,0.8897058823529411,2.1626943005181345
1634,0.11566707466340269,0.8843329253365974,2.2363861386138613
1636,0.10207823960880195,0.8979217603911981,2.5293560606060606
1638,0.09035409035409035,0.9096459096459096,2.239958592132505
1640,0.09695121951219512,0.9030487804878049,2.0225548902195607
1642,0.110231425091352,0.889768574908648,2.3345486111111113
1644,0.10523114355231143,0.8947688564476886,2.184798534798535
1646,0.10024301336573511,0.8997569866342648,2.3553639846743297
1648,0.10194174757281553,0.8980582524271845,2.456666666666667
1650,0.11636363636363636,0.8836363636363637,2.248637820512821
1652,0.11803874092009685,0.8819612590799032,2.15952380952381
1654,0.1094316807738815,0.8905683192261185,2.4023316062176168
1656,0.11413043478260869,0.8858695652173914,2.3092775041050904
1658,0.09951749095295537,0.9004825090470446,2.291573033707865
1660,0.10301204819277109,0.8969879518072289,2.0590163934426227
1662,0.09626955475330927,0.9037304452466908,2.2224171539961017
1664,0.10576923076923077,0.8942307692307693,1.9718864468864468
1666,0.10744297719087635,0.8925570228091236,1.929500891265597
1668,0.10611510791366907,0.8938848920863309,2.3016934046345816
1670,0.1125748502994012,0.8874251497005988,2.026530612244898
1672,0.09330143540669857,0.9066985645933014,1.986280487804878
1674,0.11529271206690561,0.8847072879330944,2.5425925925925923
1676,0.09904534606205251,0.9009546539379475,2.5434865900383143
1678,0.09773539928486293,0.902264600715137,2.118701550387597
1680,0.10654761904761904,0.893452380952381,2.36524064171123
1682,0.1070154577883472,0.8929845422116528,2.1603386809269165
1684,0.10273159144893111,0.8972684085510689,2.0195614035087717
1686,0.10972716488730723,0.8902728351126927,2.3176215277777774
1688,0.10485781990521327,0.8951421800947867,2.0507168458781364
1690,0.10295857988165681,0.8970414201183432,2.0630630630630633
1692,0.09869976359338062,0.9013002364066194,2.477456647398844
1694,0.10094451003541913,0.8990554899645808,2.5033707865168537
1696,0.11438679245283019,0.8856132075471698,2.270145631067961
1698,0.11778563015312132,0.8822143698468787,2.168139534883721
1700,0.10588235294117647,0.8941176470588236,1.9775089605734766
1702,0.0898942420681551,0.9101057579318449,2.1370833333333334
1704,0.10915492957746478,0.8908450704225352,2.319666666666667
1706,0.10433763188745604,0.895662368112544,2.202127659574468
1708,0.10421545667447307,0.8957845433255269,2.316666666666667
1710,0.10760233918128655,0.8923976608187134,2.090652557319224
1712,0.11156542056074767,0.8884345794392523,1.974346405228758
1714,0.09451575262543757,0.9054842473745625,2.558236434108527
1716,0.09848484848484848,0.9015151515151515,2.1534682080924856
1718,0.10651920838183934,0.8934807916181606,2.312953367875648
1720,0.09825581395348837,0.9017441860465116,2.110663082437276
1722,0.10394889663182347,0.8960511033681765,2.497340425531915
1724,0.095707656612529,0.904292343387471,2.204237288135593
1726,0.10196987253765932,0.8980301274623407,2.8395833333333336
1728,0.1087962962962963,0.8912037037037037,2.1299492385786802
1730,0.1092485549132948,0.8907514450867052,2.022948073701843
1732,0.11143187066974596,0.8885681293302541,2.3362745098039217
1734,0.09976931949250288,0.9002306805074971,2.3690875232774675
1736,0.1054147465437788,0.8945852534562212,2.0867543859649125
1738,0.1047180667433832,0.8952819332566168,2.2597147950089127
1740,0.10459770114942529,0.8954022988505748,2.193792517006803
1742,0.11251435132032148,0.8874856486796785,2.6276167471819645
1744,0.10378440366972477,0.8962155963302753,2.0671957671957673
1746,0.10996563573883161,0.8900343642611683,2.141181229773463
1748,0.09839816933638444,0.9016018306636155,2.178084714548803
1750,0.10457142857142857,0.8954285714285715,2.2022687609075042
1752,0.10559360730593607,0.894406392694064,2.416232638888889
1754,0.10604332953249715,0.8939566704675028,2.2686426116838487
1756,0.10535307517084283,0.8946469248291572,1.9963917525773196
1758,0.11319681456200227,0.8868031854379977,2.355929487179487
1760,0.12045454545454545,0.8795454545454545,2.229772727272727
1762,0.1112372304199773,0.8887627695800226,2.188995215311005
1764,0.10600907029478458,0.8939909297052154,2.1954081632653057
1766,0.11211778029445074,0.8878822197055493,2.2015297906602256
1768,0.1001131221719457,0.8998868778280543,2.2848167539267017
1770,0.10564971751412429,0.8943502824858757,2.043333333333333
1772,0.1010158013544018,0.8989841986455982,2.2913978494623657
1774,0.10090191657271702,0.899098083427283,2.1401069518716573
1776,0.10698198198198199,0.8930180180180181,1.9805691056910568
1778,0.11586051743532058,0.8841394825646794,2.2632558139534886
1780,0.11797752808988764,0.8820224719101124,2.3286036036036037
1782,0.10718294051627385,0.8928170594837261,2.088333333333333
1784,0.09753363228699552,0.9024663677130045,2.3881981981981983
1786,0.09854423292273236,0.9014557670772676,2.6163063063063063
1788,0.11129753914988814,0.8887024608501118,2.3247154471544715
1790,0.09608938547486033,0.9039106145251397,2.3205714285714287
1792,0.10491071428571429,0.8950892857142857,2.2389464594127806
1794,0.09308807134894091,0.9069119286510591,2.174903100775194
1796,0.10412026726057906,0.8958797327394209,2.22483164983165
1798,0.10956618464961068,0.8904338153503893,2.1874800637958534
1800,0.10944444444444444,0.8905555555555555,2.0348258706467663
1802,0.09988901220865705,0.9001109877913429,2.116579861111111
1804,0.10421286031042129,0.8957871396895787,2.223416666666667
1806,0.10852713178294573,0.8914728682170543,2.3108173076923078
1808,0.10951327433628319,0.8904867256637168,2.590196078431372
1810,0.09944751381215469,0.9005524861878453,2.268324607329843
1812,0.1032008830022075,0.8967991169977925,2.16105527638191
1814,0.10033076074972437,0.8996692392502756,2.1095238095238096
1816,0.10572687224669604,0.8942731277533039,2.1915481832543446
1818,0.1078107810781078,0.8921892189218922,1.9511792452830188
1820,0.0989010989010989,0.9010989010989011,2.2050877192982457
1822,0.11251372118551042,0.8874862788144896,2.228537735849057
1824,0.10800438596491228,0.8919956140350878,2.2392801251956183
1826,0.11829134720700986,0.8817086527929902,2.462212643678161
1828,0.10229759299781181,0.8977024070021882,2.2139028475711893
1830,0.10273224043715846,0.8972677595628415,2.3914572864321606
1832,0.10971615720524018,0.8902838427947598,2.169645732689211
1834,0.09596510359869138,0.9040348964013086,2.108150183150183
1836,0.10294117647058823,0.8970588235294118,2.378358208955224
1838,0.11044613710554951,0.8895538628944505,2.1657450076804916
1840,0.10760869565217392,0.8923913043478261,2.0683333333333334
1842,0.10369163952225842,0.8963083604777415,2.188358458961474
1844,0.1079175704989154,0.8920824295010846,2.147519379844961
1846,0.1067172264355363,0.8932827735644637,2.3922948073701846
1848,0.10551948051948051,0.8944805194805194,2.119059405940594
1850,0.10756756756756757,0.8924324324324324,2.244496855345912
1852,0.10313174946004319,0.8968682505399568,2.076409017713366
1854,0.10194174757281553,0.8980582524271845,2.247536945812808
1856,0.09159482758620689,0.9084051724137931,2.4423076923076925
1858,0.11840688912809473,0.8815931108719053,2.347186147186147
1860,0.10752688172043011,0.8924731182795699,2.374959742351047
1862,0.10204081632653061,0.8979591836734694,2.021440129449838
1864,0.0971030042918455,0.9028969957081545,2.407982456140351
1866,0.10128617363344052,0.8987138263665595,2.287878787878788
1868,0.0974304068522484,0.9025695931477516,2.2443850267379677
1870,0.10213903743315508,0.8978609625668449,2.0431518151815182
1872,0.09935897435897435,0.9006410256410257,2.01025641025641
1874,0.10779082177161152,0.8922091782283885,2.4659455128205128
1876,0.11194029850746269,0.8880597014925373,2.4710045662100457
1878,0.10117145899893504,0.898828541001065,2.037604690117253
1880,0.10691489361702128,0.8930851063829788,2.2363499245852188
1882,0.11370882040382571,0.8862911795961743,2.315227272727273
1884,0.10509554140127389,0.8949044585987261,2.111326860841424
1886,0.10286320254506894,0.897136797454931,2.316181229773463
1888,0.11334745762711865,0.8866525423728814,2.3371212121212124
1890,0.10846560846560846,0.8915343915343915,2.243863636363636
1892,0.10042283298097252,0.8995771670190275,2.1986928104575165
1894,0.1003167898627244,0.8996832101372756,2.2535175879396987
1896,0.10073839662447258,0.8992616033755274,2.329313232830821
1898,0.09852476290832456,0.9014752370916754,2.341111111111111
1900,0.10210526315789474,0.8978947368421053,1.9736245954692557
1902,0.10830704521556257,0.8916929547844374,2.0810852713178294
1904,0.11449579831932773,0.8855042016806722,2.0571739130434783
1906,0.1012591815320042,0.8987408184679958,2.093983739837398
1908,0.09119496855345911,0.9088050314465409,2.269034608378871
1910,0.10314136125654451,0.8968586387434555,2.3380608974358976
1912,0.09884937238493724,0.9011506276150627,2.16260162601626
1914,0.09717868338557993,0.9028213166144201,2.2184615384615385
1916,0.0965553235908142,0.9034446764091858,2.5403418803418805
1918,0.12095933263816476,0.8790406673618353,2.1032653061224487
1920,0.09635416666666667,0.9036458333333334,2.229381443298969
1922,0.10197710718002082,0.8980228928199792,2.276797385620915
1924,0.09355509355509356,0.9064449064449065,2.062152777777778
1926,0.10695742471443406,0.893042575285566,2.2589257503949445
1928,0.10477178423236515,0.8952282157676349,2.2441786283891547
1930,0.10414507772020726,0.8958549222797927,2.206446540880503
1932,0.11128364389233955,0.8887163561076604,2.2003736920777284
1934,0.10134436401240951,0.8986556359875905,2.080382775119617
1936,0.10175619834710743,0.8982438016528925,2.15452380952381
1938,0.10577915376676987,0.8942208462332302,2.343348982785603
1940,0.10721649484536082,0.8927835051546392,2.3828888888888886
1942,0.09526261585993821,0.9047373841400618,2.371111111111111
1944,0.10905349794238683,0.8909465020576132,2.390277777777778
1946,0.1130524152106886,0.8869475847893113,2.1502886002886004
1948,0.1175564681724846,0.8824435318275154,2.24822695035461
1950,0.10923076923076923,0.8907692307692308,2.2452802359882007
1952,0.1019467213114754,0.8980532786885246,2.3354166666666667
1954,0.11668372569089049,0.8833162743091095,2.1961021505376346
1956,0.0950920245398773,0.9049079754601227,2.4825719120135368
1958,0.11338100102145046,0.8866189989785496,2.0403017241379313
1960,0.11428571428571428,0.8857142857142857,2.4098039215686273
1962,0.09429153924566769,0.9057084607543323,2.4019458544839254
1964,0.09674134419551934,0.9032586558044806,2.182689210950081
1966,0.11088504577822991,0.8891149542217701,2.294565217391304
1968,0.10772357723577236,0.8922764227642277,2.234080717488789
1970,0.12131979695431472,0.8786802030456853,2.3065860215053764
1972,0.09787018255578094,0.902129817444219,2.177375201288245
1974,0.09878419452887538,0.9012158054711246,2.3424960505529224
1976,0.11639676113360324,0.8836032388663968,1.9253112033195021
1978,0.1006066734074823,0.8993933265925177,2.2017996870109546
1980,0.0893939393939394,0.9106060606060606,2.361769759450172
1982,0.10343087790111,0.8965691220988901,2.1353080568720384
1984,0.1123991935483871,0.8876008064516129,2.1897270114942526
1986,0.10876132930513595,0.8912386706948641,2.3414814814814813
1988,0.10714285714285714,0.8928571428571429,2.189749262536873
1990,0.1050251256281407,0.8949748743718593,2.1599388379204894
1992,0.09437751004016064,0.9056224899598394,2.392697594501718
1994,0.1078234704112337,0.8921765295887663,2.4497063142437594
1996,0.11372745490981964,0.8862725450901804,2.3844993141289437
1998,0.1006006006006006,0.8993993993993994,2.2152777777777777
2000,0.101,0.899,2.3811320754716983
2002,0.1018981018981019,0.8981018981018981,1.9022935779816512
2004,0.10479041916167664,0.8952095808383234,2.1985799701046336
2006,0.10418743768693918,0.8958125623130608,2.384027777777778
2008,0.0951195219123506,0.9048804780876494,2.4002463054187193
2010,0.1054726368159204,0.8945273631840795,2.3079877112135176
2012,0.10238568588469185,0.8976143141153081,2.123273273273273
2014,0.09781529294935452,0.9021847070506455,2.354226475279107
2016,0.1001984126984127,0.8998015873015873,2.135514018691589
2018,0.11000991080277503,0.889990089197225,2.171059972105997
2020,0.11831683168316831,0.8816831683168317,2.16260162601626
2022,0.1083086053412463,0.8916913946587537,2.0256132756132756
2024,0.11758893280632411,0.8824110671936759,2.3642578125
2026,0.10710760118460019,0.8928923988153998,2.154512372634643
2028,0.11932938856015779,0.8806706114398422,2.3971999999999998
2030,0.09359605911330049,0.9064039408866995,2.0796204620462047
2032,0.10187007874015748,0.8981299212598425,2.2774464831804284
2034,0.11504424778761062,0.8849557522123894,2.098140770252324
2036,0.093811394891945,0.906188605108055,2.2719430485762144
2038,0.10647693817468105,0.8935230618253189,2.314862914862915
2040,0.09852941176470588,0.9014705882352941,2.1036057692307693
2042,0.11165523996082272,0.8883447600391773,2.1173728813559323
2044,0.11154598825831702,0.888454011741683,2.21969696969697
2046,0.10019550342130987,0.8998044965786901,2.147553516819572
2048,0.10302734375,0.89697265625,2.3634199134199134
2050,0.10097560975609757,0.8990243902439025,2.284948604992658
2052,0.11257309941520467,0.8874269005847953,2.237152777777778
2054,0.10077896786757547,0.8992210321324245,2.1188940092165898
2056,0.09824902723735408,0.9017509727626459,2.36414373088685
2058,0.10787172011661808,0.892128279883382,2.0221982758620687
2060,0.10485436893203884,0.8951456310679612,2.399488304093567
2062,0.1008729388942774,0.8991270611057226,2.4549773755656106
2064,0.1124031007751938,0.8875968992248062,2.1618000000000004
2066,0.10309777347531461,0.8969022265246854,2.049049707602339
2068,0.1039651837524178,0.8960348162475822,2.2272005772005774
2070,0.10579710144927536,0.8942028985507247,2.1364942528735633
2072,0.10424710424710425,0.8957528957528957,2.3002232142857144
2074,0.10993249758919961,0.8900675024108003,2.0878
2076,0.10934489402697495,0.890655105973025,2.1887254901960786
2078,0.1053897978825794,0.8946102021174206,2.2971861471861477
2080,0.10721153846153846,0.8927884615384616,2.3120956399437413
2082,0.10662824207492795,0.8933717579250721,2.280747126436782
2084,0.10268714011516315,0.8973128598848369,2.287389380530973
2086,0.10067114093959731,0.8993288590604027,2.2868460388639766
2088,0.09674329501915709,0.9032567049808429,2.1617867867867866
2090,0.10574162679425837,0.8942583732057416,2.26998556998557
2092,0.10420650095602295,0.8957934990439771,2.4225146198830405
2094,0.09742120343839542,0.9025787965616046,2.306964006259781
2096,0.09875954198473283,0.9012404580152672,2.034779299847793
2098,0.10533841754051478,0.8946615824594852,2.135652173913043
2100,0.1061904761904762,0.8938095238095238,2.24468085106383
2102,0.10418648905803997,0.89581351094196,2.1821014492753625
2104,0.10503802281368821,0.8949619771863118,1.9849344978165937
2106,0.1030389363722697,0.8969610636277303,2.2471365638766523
2108,0.11005692599620494,0.889943074003795,2.251783264746228
2110,0.0976303317535545,0.9023696682464455,2.158035714285714
2112,0.10795454545454546,0.8920454545454546,2.2074542897327705
2114,0.09555345316934721,0.9044465468306528,2.2654647435897437
2116,0.10727788279773157,0.8927221172022685,2.3036805555555557
2118,0.1052880075542965,0.8947119924457035,2.3624822695035466
2120,0.10235849056603774,0.8976415094339623,2.3178985507246384
2122,0.09236569274269557,0.9076343072573044,2.0603252032520327
2124,0.11534839924670433,0.8846516007532956,2.1891534391534395
2126,0.11147695202257761,0.8885230479774224,2.2517786561264823
2128,0.09962406015037593,0.900375939849624,2.2451420029895366
2130,0.09295774647887324,0.9070422535211268,2.0807060755336617
2132,0.10272045028142589,0.8972795497185742,2.2688652482269505
2134,0.09700093720712277,0.9029990627928772,2.1484567901234564
2136,0.11235955056179775,0.8876404494382022,2.123533333333334
2138,0.1028999064546305,0.8971000935453695,2.2070402298850573
2140,0.10327102803738318,0.8967289719626168,2.3634317862165957
2142,0.10457516339869281,0.8954248366013072,2.1468794326241136
2144,0.1021455223880597,0.8978544776119403,2.1835470085470083
2146,0.09972041006523766,0.9002795899347623,2.2367713004484306
2148,0.11592178770949721,0.8840782122905028,2.2409090909090907
2150,0.10418604651162791,0.8958139534883721,2.112146892655367
2152,0.09107806691449814,0.9089219330855018,2.111519607843137
2154,0.10677808727948004,0.89322191272052,2.222721088435374
2156,0.10714285714285714,0.8928571428571429,2.262059620596206
2158,0.10426320667284522,0.8957367933271547,2.3381974248927038
2160,0.10185185185185185,0.8981481481481481,2.1411255411255414
2162,0.11193339500462535,0.8880666049953747,2.416666666666667
2164,0.10859519408502773,0.8914048059149723,2.1239754098360657
2166,0.10526315789473684,0.8947368421052632,2.2290780141843967
2168,0.10101476014760148,0.8989852398523985,2.177246376811594
2170,0.1,0.9,2.0982758620689657
2172,0.08793738489871086,0.9120626151012892,2.2734477124183003
2174,0.10027598896044158,0.8997240110395585,2.3372767857142853
2176,0.11259191176470588,0.8874080882352942,2.2032567049808427
2178,0.11432506887052342,0.8856749311294766,2.290566037735849
2180,0.11192660550458716,0.8880733944954129,2.1449494949494947
2182,0.1076993583868011,0.8923006416131989,2.1575289575289576
2184,0.10622710622710622,0.8937728937728938,2.194808743169399
2186,0.10384263494967978,0.8961573650503202,2.1429931972789116
2188,0.1010054844606947,0.8989945155393053,2.2725783475783476
2190,0.11050228310502283,0.8894977168949771,2.0830090791180282
2192,0.11587591240875912,0.8841240875912408,2.177059569074778
2194,0.09981768459434823,0.9001823154056517,2.2113275613275616
2196,0.10245901639344263,0.8975409836065573,2.277823691460055
2198,0.09690627843494086,0.9030937215650592,2.1276064610866374
2200,0.095,0.905,2.1326356589147286
2202,0.1067211625794732,0.8932788374205268,2.3143589743589743
2204,0.10798548094373865,0.8920145190562614,2.2761904761904757
2206,0.11060743427017226,0.8893925657298277,2.3950258397932815
2208,0.11367753623188406,0.886322463768116,2.3361430395913154
2210,0.09909502262443438,0.9009049773755656,2.4676680972818312
2212,0.09448462929475587,0.9055153707052441,2.3196212121212123
2214,0.1025293586269196,0.8974706413730804,2.219236111111111
2216,0.1055956678700361,0.894404332129964,2.068279569892473
2218,0.11722272317403065,0.8827772768259694,1.9785460992907804
2220,0.10945945945945947,0.8905405405405405,2.0250000000000004
2222,0.10441044104410441,0.8955895589558955,2.0548898071625343
2224,0.11196043165467626,0.8880395683453237,2.154935897435897
2226,0.10736747529200359,0.8926325247079964,2.1881613756613754
2228,0.10368043087971275,0.8963195691202872,2.325826446280992
2230,0.09865470852017937,0.9013452914798207,1.9790043290043289
2232,0.11155913978494623,0.8884408602150538,2.324031007751938
2234,0.08997314234556848,0.9100268576544315,1.9776461295418644
2236,0.10644007155635063,0.8935599284436494,2.2656901041666666
2238,0.11528150134048257,0.8847184986595175,2.1876225490196077
2240,0.10267857142857142,0.8973214285714286,2.4099726775956283
2242,0.11239964317573595,0.8876003568242641,2.3658490566037735
2244,0.10650623885918004,0.89349376114082,2.1053177691309983
2246,0.10685663401602849,0.8931433659839715,2.080830039525692
2248,0.1094306049822064,0.8905693950177936,2.2036259541984737
2250,0.10933333333333334,0.8906666666666667,2.1012870012870013
2252,0.11811722912966252,0.8818827708703375,2.127600472813239
2254,0.11801242236024845,0.8819875776397516,2.1731909845788846
2256,0.10460992907801418,0.8953900709219859,2.4313333333333333
2258,0.11027457927369354,0.8897254207263064,2.372265625
2260,0.1088495575221239,0.8911504424778761,2.1743839169909207
2262,0.10610079575596817,0.8938992042440318,2.2340551181102364
2264,0.10291519434628975,0.8970848056537103,2.1334705075445815
2266,0.088261253309797,0.9117387466902029,2.4996810207336524
2268,0.10537918871252204,0.894620811287478,2.35505249343832
2270,0.10308370044052863,0.8969162995594714,2.2163223140495867
2272,0.1073943661971831,0.8926056338028169,2.253018372703412
2274,0.10378188214599825,0.8962181178540017,2.245497311827957
2276,0.1063268892794376,0.8936731107205624,2.322352941176471
2278,0.09262510974539069,0.9073748902546093,2.149090909090909
2280,0.10482456140350878,0.8951754385964912,2.3089285714285714
2282,0.11174408413672217,0.8882559158632778,2.1495061728395064
2284,0.10770577933450087,0.8922942206654991,2.357638888888889
2286,0.12117235345581802,0.878827646544182,2.122511574074074
2288,0.09615384615384616,0.9038461538461539,2.0992097701149426
2290,0.10305676855895196,0.896943231441048,2.252275769745649
2292,0.10776614310645724,0.8922338568935427,2.3309252217997463
2294,0.0985178727114211,0.9014821272885789,2.1357538035961268
2296,0.11062717770034843,0.8893728222996515,2.1999391727493918
2298,0.10966057441253264,0.8903394255874674,2.2179245283018867
2300,0.09913043478260869,0.9008695652173913,2.2739099859353016
2302,0.09860990443092962,0.9013900955690703,2.4591597796143247
2304,0.10633680555555555,0.8936631944444444,2.289124839124839
2306,0.095836947094536,0.9041630529054641,2.1957264957264955
2308,0.11221837088388215,0.8877816291161178,2.3484126984126985
2310,0.10735930735930736,0.8926406926406927,2.2807407407407405
2312,0.10337370242214533,0.8966262975778547,2.1441798941798944
2314,0.1024200518582541,0.8975799481417459,2.1615686274509804
2316,0.11312607944732297,0.886873920552677,2.5743405275779376
2318,0.10094909404659189,0.8990509059534081,2.305464480874317
2320,0.11422413793103449,0.8857758620689655,2.156873479318735
2322,0.11283376399655469,0.8871662360034454,2.19468339307049
2324,0.10714285714285714,0.8928571428571429,2.340590405904059
2326,0.10834049871023216,0.8916595012897679,2.4348370927318297
2328,0.10094501718213059,0.8990549828178694,2.14872311827957
2330,0.08841201716738198,0.911587982832618,2.365965732087228
2332,0.10205831903945112,0.8979416809605489,2.2501344086021504
2334,0.10325621251071122,0.8967437874892887,2.1030544488711818
2336,0.11429794520547945,0.8857020547945206,2.2945818610129565
2338,0.10692899914456801,0.893071000855432,2.223745173745174
2340,0.10726495726495726,0.8927350427350428,2.3596129837702873
2342,0.09735269000853972,0.9026473099914603,2.0917004048583
2344,0.10622866894197952,0.8937713310580204,2.3541343669250643
2346,0.10443307757885763,0.8955669224211423,2.043193384223919
2348,0.10817717206132879,0.8918228279386712,2.12183698296837
2350,0.09574468085106383,0.9042553191489362,2.3011805555555553
2352,0.10841836734693877,0.8915816326530612,2.2543695380774036
2354,0.11045029736618521,0.8895497026338148,2.272848484848485
2356,0.09083191850594227,0.9091680814940577,2.1327380952380954
2358,0.09499575911789652,0.9050042408821035,2.2170868347338937
2360,0.10805084745762712,0.8919491525423728,2.242962962962963
2362,0.09483488569009314,0.9051651143099069,2.1479508196721313
2364,0.10279187817258884,0.8972081218274112,2.221031746031746
2366,0.1043956043956044,0.8956043956043956,2.244803548795945
2368,0.09586148648648649,0.9041385135135135,2.041701244813278
2370,0.10548523206751055,0.8945147679324894,2.314294631710362
2372,0.09696458684654301,0.903035413153457,2.1486111111111112
2374,0.11078348778433024,0.8892165122156698,2.043427230046948
2376,0.1111111111111111,0.8888888888888888,2.3131868131868134
2378,0.10428931875525652,0.8957106812447435,2.1725911458333336
2380,0.09201680672268908,0.9079831932773109,2.336376811594203
2382,0.1036943744752309,0.8963056255247691,2.064821882951654
2384,0.09941275167785235,0.9005872483221476,2.1278656126482214
2386,0.09220452640402348,0.9077954735959766,2.2546874999999997
2388,0.1092964824120603,0.8907035175879396,2.149699157641396
2390,0.10334728033472804,0.8966527196652719,2.067317708333333
2392,0.10785953177257525,0.8921404682274248,2.187769784172662
2394,0.1123642439431913,0.8876357560568087,2.324499411071849
2396,0.10726210350584307,0.8927378964941569,2.258974358974359
2398,0.10008340283569642,0.8999165971643036,2.2528215223097114
2400,0.09666666666666666,0.9033333333333333,2.2320987654320987
2402,0.11407160699417153,0.8859283930058285,2.072643678160919
2404,0.09775374376039933,0.9022462562396006,2.2179333333333333
2406,0.11305070656691604,0.8869492934330839,2.2797001153402534
2408,0.10631229235880399,0.893687707641196,2.2057428214731583
2410,0.10622406639004149,0.8937759336099586,1.9960024600246
2412,0.10240464344941957,0.8975953565505804,2.416922094508301
2414,0.10770505385252693,0.8922949461474731,2.2669776119402982
2416,0.11630794701986755,0.8836920529801324,2.038238573021182
2418,0.10752688172043011,0.8924731182795699,2.0338807785888076
2420,0.10950413223140495,0.890495867768595,2.227090694935218
2422,0.09454995871180842,0.9054500412881916,2.137675070028011
2424,0.10643564356435643,0.8935643564356436,2.2454822954822955
2426,0.10511129431162407,0.894888705688376,1.9393162393162395
2428,0.10831960461285008,0.8916803953871499,2.1715328467153285
2430,0.10987654320987654,0.8901234567901235,2.1379761904761905
2432,0.10320723684210527,0.8967927631578947,2.3480024968789017
2434,0.10969597370583402,0.8903040262941659,2.347757575757576
2436,0.11781609195402298,0.882183908045977,2.078372352285396
2438,0.11074651353568499,0.889253486464315,2.1770034843205575
2440,0.11762295081967213,0.8823770491803279,2.1550488599348534
2442,0.09868959868959869,0.9013104013104013,2.021
2444,0.10801963993453355,0.8919803600654664,2.123356807511737
2446,0.09893704006541292,0.9010629599345871,2.426745718050066
2448,0.10784313725490197,0.892156862745098,2.3124850657108724
2450,0.09510204081632653,0.9048979591836734,2.0582987551867222
2452,0.10522022838499184,0.8947797716150081,2.2252136752136753
2454,0.10268948655256724,0.8973105134474327,2.32015503875969
2456,0.09324104234527687,0.9067589576547231,1.992622950819672
2458,0.10618388934092758,0.8938161106590724,2.356195786864932
2460,0.1,0.9,2.1359922178988326
2462,0.10804224207961008,0.8919577579203899,2.227031802120141
2464,0.09902597402597403,0.900974025974026,2.1652509652509653
2466,0.10543390105433902,0.894566098945661,2.309293680297398
2468,0.1094003241491086,0.8905996758508914,2.0857651245551603
2470,0.09230769230769231,0.9076923076923077,2.1224043715846994
2472,0.10315533980582524,0.8968446601941747,2.1208020050125307
2474,0.09902991107518189,0.9009700889248181,2.1723958333333333
2476,0.10904684975767366,0.8909531502423264,2.333392645314354
2478,0.10250201775625505,0.897497982243745,2.1646913580246916
2480,0.11653225806451613,0.8834677419354838,2.1171052631578946
2482,0.11361804995970991,0.8863819500402901,2.2349829351535835
2484,0.0998389694041868,0.9001610305958132,2.1984555984555985
2486,0.1005631536604988,0.8994368463395012,2.0382389937106917
2488,0.10008038585209003,0.89991961414791,2.2518880208333334
2490,0.10120481927710843,0.8987951807228916,2.2559523809523805
2492,0.10473515248796147,0.8952648475120385,2.2841387856257747
2494,0.09943865276663993,0.90056134723336,2.458270202020202
2496,0.09815705128205128,0.9018429487179487,2.2680285343709468
2498,0.09927942353883107,0.900720576461169,2.234727503168568
2500,0.1016,0.8984,2.2478371501272267
2502,0.10431654676258993,0.89568345323741,2.190308641975309
2504,0.10702875399361023,0.8929712460063898,2.1158450704225356
2506,0.10215482841181166,0.8978451715881883,2.0973358116480796
2508,0.10964912280701754,0.8903508771929824,2.250170068027211
2510,0.1051792828685259,0.8948207171314742,2.160416666666667
2512,0.10907643312101911,0.8909235668789809,2.194350282485876
2514,0.10739856801909307,0.8926014319809069,2.2491841491841496
2516,0.10930047694753577,0.8906995230524642,2.2789830508474576
2518,0.1068308181096108,0.8931691818903892,2.396109175377468
2520,0.10238095238095238,0.8976190476190476,2.210639606396064
2522,0.10309278350515463,0.8969072164948454,2.1137973137973134
2524,0.11172741679873217,0.8882725832012678,2.074971941638608
2526,0.10451306413301663,0.8954869358669834,2.257853717026379
2528,0.0992879746835443,0.9007120253164557,2.520468948035488
2530,0.11699604743083004,0.88300395256917,2.196463022508038
2532,0.1240126382306477,0.8759873617693523,2.0312820512820515
2534,0.10773480662983426,0.8922651933701657,2.2168408826945414
2536,0.10528391167192429,0.8947160883280757,2.022535211267606
2538,0.10874704491725769,0.8912529550827423,2.1807560137457047
2540,0.10708661417322834,0.8929133858267717,2.170673635307782
2542,0.1018882769472856,0.8981117230527144,2.0893827160493825
2544,0.10141509433962265,0.8985849056603774,2.325304136253041
2546,0.10487038491751767,0.8951296150824823,2.1997044917257687
2548,0.11106750392464679,0.8889324960753532,2.2615039281705953
2550,0.10862745098039216,0.8913725490196078,2.290888888888889
2552,0.10462382445141066,0.8953761755485894,2.1627347417840377
2554,0.10610806577916992,0.89389193422083,2.2019163763066203
2556,0.11658841940532082,0.8834115805946792,2.1814002089864157
2558,0.10672400312744332,0.8932759968725567,1.9773474178403754
2560,0.11484375,0.88515625,2.0942675159235664
2562,0.11007025761124122,0.8899297423887588,2.1996136865342164
2564,0.10881435257410296,0.891185647425897,2.3305369127516777
2566,0.10093530787217458,0.8990646921278254,2.3927272727272726
2568,0.11253894080996885,0.8874610591900312,2.131537598204265
2570,0.09883268482490272,0.9011673151750973,2.3334620334620335
2572,0.10225505443234836,0.8977449455676516,2.060175438596491
2574,0.1048951048951049,0.8951048951048951,2.3671345029239768
2576,0.11374223602484472,0.8862577639751553,2.1710497835497837
2578,0.10124127230411172,0.8987587276958883,2.357413997627521
2580,0.09883720930232558,0.9011627906976745,2.1607097591888467
2582,0.10573199070487994,0.8942680092951201,2.15140350877193
2584,0.10178018575851393,0.8982198142414861,2.071115065243179
2586,0.10208816705336426,0.8979118329466358,2.416902237926973
2588,0.09582689335394126,0.9041731066460588,2.1807213930348257
2590,0.0972972972972973,0.9027027027027027,2.1677777777777782
2592,0.11651234567901235,0.8834876543209876,2.351863354037267
2594,0.10755589822667695,0.892444101773323,2.308754208754209
2596,0.10670261941448382,0.8932973805855162,2.2527777777777778
2598,0.1077752117013087,0.8922247882986913,2.3806598407281
2600,0.11653846153846154,0.8834615384615385,2.2437500000000004
2602,0.11529592621060722,0.8847040737893928,2.1317136886102404
2604,0.11021505376344086,0.8897849462365591,2.2922008547008548
2606,0.10475825019186492,0.8952417498081351,2.049352179034158
2608,0.11464723926380369,0.8853527607361963,2.248447204968944
2610,0.1111111111111111,0.8888888888888888,2.110361842105263
2612,0.10183767228177641,0.8981623277182236,2.0951159951159952
2614,0.09869931140015302,0.901300688599847,2.345006242197253
2616,0.10894495412844037,0.8910550458715596,2.3693422519509477
2618,0.10962566844919786,0.8903743315508021,2.1855811403508776
2620,0.1049618320610687,0.8950381679389313,2.2757731958762886
2622,0.12051868802440885,0.8794813119755911,2.168624497991968
2624,0.09832317073170732,0.9016768292682926,2.1055357142857147
2626,0.11233815689261234,0.8876618431073877,2.432958199356913
2628,0.10388127853881278,0.8961187214611872,2.430034722222222
2630,0.09885931558935361,0.9011406844106464,2.4207885304659498
2632,0.11740121580547112,0.8825987841945289,2.3248216106014272
2634,0.10136674259681093,0.8986332574031891,2.287647754137116
2636,0.10166919575113809,0.8983308042488619,2.2935314685314685
2638,0.10993176648976498,0.890068233510235,2.3007174392935985
2640,0.09242424242424242,0.9075757575757576,2.107786357786358
2642,0.11317183951551854,0.8868281604844814,2.2266454352441616
2644,0.09606656580937972,0.9039334341906202,2.255185185185185
2646,0.11904761904761904,0.8809523809523809,2.1476117886178865
2648,0.11140483383685801,0.8885951661631419,2.0823085221143476
2650,0.09811320754716982,0.9018867924528302,2.148676293622142
2652,0.10671191553544494,0.8932880844645551,2.3041666666666667
2654,0.10211002260738508,0.8978899773926149,2.4182183908045976
2656,0.10316265060240964,0.8968373493975903,2.199828767123288
2658,0.11136192626034612,0.8886380737396539,2.3107335490830634
2660,0.10112781954887218,0.8988721804511278,2.3419560185185184
2662,0.09842223891810668,0.9015777610818934,2.301232394366197
2664,0.09572072072072071,0.9042792792792793,2.4429987608426273
2666,0.1140285071267817,0.8859714928732183,2.3085684430512017
2668,0.11019490254872563,0.8898050974512743,2.0605235042735046
2670,0.11910112359550562,0.8808988764044944,2.2368035190615836
2672,0.1059131736526946,0.8940868263473054,2.289497716894977
2674,0.10433807030665669,0.8956619296933434,2.5846461187214613
2676,0.09902840059790732,0.9009715994020927,2.199642857142857
2678,0.10828976848394324,0.8917102315160568,2.2144973544973547
2680,0.10261194029850747,0.8973880597014925,2.128373702422145
2682,0.11521252796420582,0.8847874720357942,2.0569826707441385
2684,0.10059612518628912,0.8994038748137109,2.0873239436619717
2686,0.10796723752792256,0.8920327624720774,2.4773770491803275
2688,0.0978422619047619,0.9021577380952381,2.1561973525872444
2690,0.10297397769516729,0.8970260223048327,2.1914367816091955
2692,0.10289747399702823,0.8971025260029718,2.252452619843924
2694,0.11655530809205643,0.8834446919079436,2.3099206349206347
2696,0.10200296735905044,0.8979970326409495,2.320591581342435
2698,0.10415122312824314,0.8958487768717569,2.098310810810811
2700,0.09925925925925926,0.9007407407407407,2.3320833333333333
2702,0.09696521095484827,0.9030347890451518,2.1240871613663135
2704,0.11538461538461539,0.8846153846153846,2.266716716716717
2706,0.10679970436067997,0.89320029563932,2.347651006711409
2708,0.1155834564254062,0.8844165435745938,2.18125
2710,0.1099630996309963,0.8900369003690037,2.082802547770701
2712,0.10693215339233038,0.8930678466076696,2.3093614718614717
2714,0.1028002947678703,0.8971997052321297,2.556805074971165
2716,0.11266568483063329,0.8873343151693667,2.204898828541001
2718,0.10706401766004416,0.8929359823399559,2.206359649122807
2720,0.10882352941176471,0.8911764705882352,2.4462783171521036
2722,0.10213078618662748,0.8978692138133725,2.2031854379977247
2724,0.09838472834067548,0.9016152716593245,2.3320601851851857
2726,0.10674981658107116,0.8932501834189288,2.228135048231511
2728,0.10557184750733138,0.8944281524926686,2.1333890746934223
2730,0.0989010989010989,0.9010989010989011,2.2912068965517243
2732,0.1116398243045388,0.8883601756954612,2.2039366053169736
2734,0.11009509875640087,0.8899049012435991,2.21828631138976
2736,0.10489766081871345,0.8951023391812866,2.3355737704918034
2738,0.1168736303871439,0.8831263696128561,2.2975694444444446
2740,0.10328467153284672,0.8967153284671533,2.3793333333333333
2742,0.10685630926331145,0.8931436907366885,2.3377049180327867
2744,0.12244897959183673,0.8775510204081632,2.365348399246704
2746,0.10852148579752367,0.8914785142024764,2.109110396570204
2748,0.09934497816593886,0.9006550218340611,2.1065292096219936
2750,0.10218181818181818,0.8978181818181818,2.2395833333333335
2752,0.10465116279069768,0.8953488372093024,2.14448087431694
2754,0.10130718954248366,0.8986928104575164,2.0305460750853244
2756,0.1106676342525399,0.8893323657474601,2.239333333333333
2758,0.10442349528643945,0.8955765047135605,2.3373754152823922
2760,0.10579710144927536,0.8942028985507247,2.368311403508772
2762,0.10173787110789283,0.8982621288921072,2.007388888888889
2764,0.10130246020260492,0.8986975397973951,2.0490427927927928
2766,0.10954446854663774,0.8904555314533622,2.1888198757763977
2768,0.09501445086705203,0.9049855491329479,2.2557971014492755
2770,0.10577617328519856,0.8942238267148015,2.3770767613038903
2772,0.11075036075036075,0.8892496392496393,2.0910769230769235
2774,0.09805335255948089,0.9019466474405191,2.329590643274854
2776,0.09978386167146974,0.9002161383285303,2.2205257270693513
2778,0.11123110151187905,0.8887688984881209,2.2471620227038183
2780,0.10467625899280575,0.8953237410071943,2.458469945355191
2782,0.101725377426312,0.898274622573688,2.3903389830508472
2784,0.11063218390804598,0.889367816091954,2.219711042311661
2786,0.10839913854989232,0.8916008614501076,2.316559829059829
2788,0.10437589670014347,0.8956241032998565,2.2115468409586057
2790,0.11039426523297491,0.8896057347670251,2.168609406952965
2792,0.09921203438395415,0.9007879656160458,2.213231981981982
2794,0.10379384395132427,0.8962061560486757,2.2356209150326793
2796,0.10157367668097282,0.8984263233190272,2.3012735326688816
2798,0.09649749821300929,0.9035025017869907,2.1957586618876945
2800,0.09428571428571429,0.9057142857142857,2.237470023980815
2802,0.10635260528194147,0.8936473947180585,2.3373312564901347
2804,0.10592011412268189,0.8940798858773181,2.147749196141479
2806,0.09301496792587313,0.9069850320741268,2.040659340659341
2808,0.11716524216524217,0.8828347578347578,2.2307877041306434
2810,0.10249110320284698,0.8975088967971531,2.3325607064017664
2812,0.09992887624466572,0.9000711237553343,2.311864406779661
2814,0.10199004975124377,0.8980099502487562,2.180715811965812
2816,0.09872159090909091,0.9012784090909091,2.270079635949943
2818,0.11071682044002838,0.8892831795599716,2.290997942386831
2820,0.10886524822695036,0.8911347517730497,2.312796697626419
2822,0.10559886605244508,0.8944011339475549,2.316027689030884
2824,0.10623229461756374,0.8937677053824362,2.3134615384615382
2826,0.10615711252653928,0.8938428874734607,2.356687898089172
2828,0.10183875530410184,0.8981612446958982,2.1409492273730684
2830,0.1,0.9,2.037736900780379
2832,0.1115819209039548,0.8884180790960452,2.167564870259481
2834,0.11079745942131264,0.8892025405786874,2.0843465045592704
2836,0.096262341325811,0.903737658674189,2.3530927835051547
2838,0.10077519379844961,0.8992248062015504,2.2746302616609784
2840,0.11056338028169015,0.8894366197183099,1.8817676767676768
2842,0.11118930330752991,0.88881069669247,2.287132725430598
2844,0.10091420534458509,0.8990857946554149,2.1814081408140815
2846,0.0994378074490513,0.9005621925509487,2.3065
2848,0.11376404494382023,0.8862359550561798,2.0987068965517244
2850,0.10526315789473684,0.8947368421052632,2.159090909090909
2852,0.09642356241234222,0.9035764375876578,2.1071849234393407
2854,0.10932025227750526,0.8906797477224947,2.085500515995872
2856,0.09033613445378151,0.9096638655462185,2.146813725490196
2858,0.10776766969909027,0.8922323303009098,2.2814589665653497
2860,0.10664335664335664,0.8933566433566433,2.1622117400419287
2862,0.0936408106219427,0.9063591893780573,2.3918128654970765
2864,0.10544692737430168,0.8945530726256983,2.1940400843881855
2866,0.11060711793440335,0.8893928820655966,2.2919625246548327
2868,0.09309623430962342,0.9069037656903766,2.0978723404255315
2870,0.09651567944250872,0.9034843205574913,2.1494809688581316
2872,0.10619777158774374,0.8938022284122562,2.2037151702786377
2874,0.10855949895615867,0.8914405010438413,2.158483935742972
2876,0.10848400556328233,0.8915159944367177,2.1072854291417165
2878,0.1038915913829048,0.8961084086170952,2.191507430997877
2880,0.10104166666666667,0.8989583333333333,2.295723684210526
2882,0.11103400416377515,0.8889659958362248,2.3316023738872405
2884,0.10159500693481276,0.8984049930651873,2.0872454448017153
2886,0.10464310464310464,0.8953568953568953,2.0942708333333337
2888,0.10041551246537396,0.899584487534626,2.407722222222222
2890,0.1041522491349481,0.8958477508650519,2.120872274143302
2892,0.1165283540802213,0.8834716459197787,2.3237891737891743
2894,0.09986178299930891,0.9001382170006911,2.0962418300653596
2896,0.10324585635359115,0.8967541436464088,2.114563106796117
2898,0.10386473429951691,0.8961352657004831,2.35015873015873
2900,0.10206896551724139,0.8979310344827586,2.2025599128540305
2902,0.10716747070985527,0.8928325292901447,2.0054179566563466
2904,0.1050275482093664,0.8949724517906336,2.2809375
2906,0.09428768066070199,0.905712319339298,2.148892773892774
2908,0.09972489683631362,0.9002751031636864,2.277123142250531
2910,0.1006872852233677,0.8993127147766323,1.9867095391211143
2912,0.10714285714285714,0.8928571428571429,2.1843106995884773
2914,0.09951956074124914,0.9004804392587509,2.1485745614035086
2916,0.11213991769547325,0.8878600823045267,2.148885658914729
2918,0.10452364633310486,0.8954763536668952,2.352424242424242
2920,0.10616438356164383,0.8938356164383562,2.1380456349206347
2922,0.10574948665297741,0.8942505133470225,2.2108717948717946
2924,0.12175102599179206,0.8782489740082079,2.1673262972735268
2926,0.10457963089542037,0.8954203691045797,2.2087109768378648
2928,0.10894808743169399,0.8910519125683061,2.2037364798426746
2930,0.11569965870307167,0.8843003412969284,2.257175925925926
2932,0.10538881309686221,0.8946111869031378,2.2370600414078674
2934,0.10906612133605999,0.89093387866394,2.1082595870206493
2936,0.10967302452316076,0.8903269754768393,2.378500986193294
2938,0.11266167460857726,0.8873383253914228,2.1381091617933725
2940,0.11836734693877551,0.8816326530612245,2.3116982836495032
2942,0.09687287559483344,0.9031271244051665,2.2573578595317727
2944,0.11582880434782608,0.884171195652174,2.353021978021978
2946,0.10081466395112017,0.8991853360488798,2.1384984025559106
2948,0.10617367706919946,0.8938263229308006,2.003205128205128
2950,0.1152542372881356,0.8847457627118644,2.3724698235840296
2952,0.10264227642276423,0.8973577235772358,2.1814757481940146
2954,0.09681787406905891,0.903182125930941,2.253198653198653
2956,0.10520974289580515,0.8947902571041948,2.472974358974359
2958,0.10547667342799188,0.8945233265720081,2.3422325102880657
2960,0.1,0.9,2.065166130760986
2962,0.11242403781228899,0.8875759621877111,2.3673295454545453
2964,0.10222672064777327,0.8977732793522267,2.4210122699386503
2966,0.10721510451786918,0.8927848954821308,2.3095959595959594
2968,0.11421832884097036,0.8857816711590296,2.0434540389972145
2970,0.10909090909090909,0.8909090909090909,2.2614583333333336
2972,0.10868102288021535,0.8913189771197847,2.4234567901234563
2974,0.10591795561533289,0.8940820443846671,2.3670682730923693
2976,0.10651881720430108,0.8934811827956989,2.274949799196787
2978,0.10208193418401612,0.8979180658159839,2.1941666666666664
2980,0.11275167785234899,0.887248322147651,2.3432955618508027
2982,0.10429242119382964,0.8957075788061704,2.323088685015291
2984,0.09953083109919571,0.9004691689008043,2.114636752136752
2986,0.10214333556597455,0.8978566644340255,2.191131498470948
2988,0.10107095046854082,0.8989290495314591,2.2568471337579616
2990,0.1040133779264214,0.8959866220735786,1.9911794871794875
2992,0.09859625668449198,0.901403743315508,2.156422505307855
2994,0.09585838343353373,0.9041416165664663,2.5730392156862747
2996,0.09913217623497997,0.9008678237650201,2.22051282051282
2998,0.0990660440293529,0.9009339559706471,2.2965811965811964
